areacd,areanm,geography,indicator,period,observation,measure,unit,lci_95,uci_95,status,notes
E92000001,England,Nation,Percentage of households fuel poor,2024-01-01/P1Y,9.94941840055504,Percentage,%,,,,
E12000001,North East,Region,Percentage of households fuel poor,2024-01-01/P1Y,9.182154070405845,Percentage,%,,,,
E47000006,Tees Valley,Combined Authority or City Region,Percentage of households fuel poor,2024-01-01/P1Y,8.811927119159215,Percentage,%,,,,This data has been aggregated and may show differences to other published figures.
E47000014,North East,Combined Authority or City Region,Percentage of households fuel poor,2024-01-01/P1Y,9.306511688886692,Percentage,%,,,,This data has been aggregated and may show differences to other published figures.
E06000047,County Durham,County or Unitary Authority,Percentage of households fuel poor,2024-01-01/P1Y,9.975757429077369,Percentage,%,,,,
E06000005,Darlington,County or Unitary Authority,Percentage of households fuel poor,2024-01-01/P1Y,9.51339847151011,Percentage,%,,,,
E06000001,Hartlepool,County or Unitary Authority,Percentage of households fuel poor,2024-01-01/P1Y,8.710503842869342,Percentage,%,,,,
E06000002,Middlesbrough,County or Unitary Authority,Percentage of households fuel poor,2024-01-01/P1Y,9.648806066219759,Percentage,%,,,,
E06000057,Northumberland,County or Unitary Authority,Percentage of households fuel poor,2024-01-01/P1Y,9.319005646516478,Percentage,%,,,,
E06000003,Redcar and Cleveland,County or Unitary Authority,Percentage of households fuel poor,2024-01-01/P1Y,8.892704915519303,Percentage,%,,,,
E06000004,Stockton-on-Tees,County or Unitary Authority,Percentage of households fuel poor,2024-01-01/P1Y,7.791592391181713,Percentage,%,,,,
E11000007,Tyne and Wear (Met County),County or Unitary Authority,Percentage of households fuel poor,2024-01-01/P1Y,8.988192993169156,Percentage,%,,,,
E08000037,Gateshead,Local Authority District,Percentage of households fuel poor,2024-01-01/P1Y,9.14609555748944,Percentage,%,,,,
E08000021,Newcastle upon Tyne,Local Authority District,Percentage of households fuel poor,2024-01-01/P1Y,9.499784323391669,Percentage,%,,,,
E08000022,North Tyneside,Local Authority District,Percentage of households fuel poor,2024-01-01/P1Y,7.794418641265843,Percentage,%,,,,
E08000023,South Tyneside,Local Authority District,Percentage of households fuel poor,2024-01-01/P1Y,8.945023932711727,Percentage,%,,,,
E08000024,Sunderland,Local Authority District,Percentage of households fuel poor,2024-01-01/P1Y,9.321706325277919,Percentage,%,,,,
E12000002,North West,Region,Percentage of households fuel poor,2024-01-01/P1Y,10.21900955606335,Percentage,%,,,,
E06000008,Blackburn with Darwen,County or Unitary Authority,Percentage of households fuel poor,2024-01-01/P1Y,11.729169041376952,Percentage,%,,,,
E06000009,Blackpool,County or Unitary Authority,Percentage of households fuel poor,2024-01-01/P1Y,13.856887879279572,Percentage,%,,,,
E06000049,Cheshire East,County or Unitary Authority,Percentage of households fuel poor,2024-01-01/P1Y,8.549466925259964,Percentage,%,,,,
E06000050,Cheshire West and Chester,County or Unitary Authority,Percentage of households fuel poor,2024-01-01/P1Y,8.71002763521516,Percentage,%,,,,
E06000006,Halton,County or Unitary Authority,Percentage of households fuel poor,2024-01-01/P1Y,9.021642353263475,Percentage,%,,,,
E06000007,Warrington,County or Unitary Authority,Percentage of households fuel poor,2024-01-01/P1Y,8.120985463150777,Percentage,%,,,,
E06000063,Cumberland,County or Unitary Authority,Percentage of households fuel poor,2024-01-01/P1Y,10.84756628050735,Percentage,%,,,,
E06000064,Westmorland and Furness,County or Unitary Authority,Percentage of households fuel poor,2024-01-01/P1Y,10.746260382692894,Percentage,%,,,,
E11000001,Greater Manchester (Met County),County or Unitary Authority,Percentage of households fuel poor,2024-01-01/P1Y,10.258584765650703,Percentage,%,,,,
E47000001,Greater Manchester,Combined Authority or City Region,Percentage of households fuel poor,2024-01-01/P1Y,10.258584765650703,Percentage,%,,,,This data has been aggregated and may show differences to other published figures.
E08000001,Bolton,Local Authority District,Percentage of households fuel poor,2024-01-01/P1Y,10.338606269531878,Percentage,%,,,,
E08000002,Bury,Local Authority District,Percentage of households fuel poor,2024-01-01/P1Y,9.678490530235647,Percentage,%,,,,
E08000003,Manchester,Local Authority District,Percentage of households fuel poor,2024-01-01/P1Y,11.977920965266128,Percentage,%,,,,
E08000004,Oldham,Local Authority District,Percentage of households fuel poor,2024-01-01/P1Y,11.105184881275964,Percentage,%,,,,
E08000005,Rochdale,Local Authority District,Percentage of households fuel poor,2024-01-01/P1Y,10.489584659115014,Percentage,%,,,,
E08000006,Salford,Local Authority District,Percentage of households fuel poor,2024-01-01/P1Y,9.936814100432324,Percentage,%,,,,
E08000007,Stockport,Local Authority District,Percentage of households fuel poor,2024-01-01/P1Y,8.795474627857622,Percentage,%,,,,
E08000008,Tameside,Local Authority District,Percentage of households fuel poor,2024-01-01/P1Y,10.229600915710398,Percentage,%,,,,
E08000009,Trafford,Local Authority District,Percentage of households fuel poor,2024-01-01/P1Y,8.837209302325581,Percentage,%,,,,
E08000010,Wigan,Local Authority District,Percentage of households fuel poor,2024-01-01/P1Y,9.775457618043703,Percentage,%,,,,
E47000018,Lancashire,Combined Authority or City Region,Percentage of households fuel poor,2024-01-01/P1Y,10.840003715460591,Percentage,%,,,,This data has been aggregated and may show differences to other published figures.
E10000017,Lancashire,County or Unitary Authority,Percentage of households fuel poor,2024-01-01/P1Y,10.368040390279086,Percentage,%,,,,
E07000117,Burnley,Local Authority District,Percentage of households fuel poor,2024-01-01/P1Y,13.309490662954252,Percentage,%,,,,
E07000118,Chorley,Local Authority District,Percentage of households fuel poor,2024-01-01/P1Y,8.543481583371543,Percentage,%,,,,
E07000119,Fylde,Local Authority District,Percentage of households fuel poor,2024-01-01/P1Y,9.166645435785076,Percentage,%,,,,
E07000120,Hyndburn,Local Authority District,Percentage of households fuel poor,2024-01-01/P1Y,12.719129526845085,Percentage,%,,,,
E07000121,Lancaster,Local Authority District,Percentage of households fuel poor,2024-01-01/P1Y,10.727585219134918,Percentage,%,,,,
E07000122,Pendle,Local Authority District,Percentage of households fuel poor,2024-01-01/P1Y,13.258850112980166,Percentage,%,,,,
E07000123,Preston,Local Authority District,Percentage of households fuel poor,2024-01-01/P1Y,10.762936221419976,Percentage,%,,,,
E07000124,Ribble Valley,Local Authority District,Percentage of households fuel poor,2024-01-01/P1Y,9.576789611132973,Percentage,%,,,,
E07000125,Rossendale,Local Authority District,Percentage of households fuel poor,2024-01-01/P1Y,10.696930745838166,Percentage,%,,,,
E07000126,South Ribble,Local Authority District,Percentage of households fuel poor,2024-01-01/P1Y,7.841362894182913,Percentage,%,,,,
E07000127,West Lancashire,Local Authority District,Percentage of households fuel poor,2024-01-01/P1Y,9.415526736542903,Percentage,%,,,,
E07000128,Wyre,Local Authority District,Percentage of households fuel poor,2024-01-01/P1Y,9.623975120158326,Percentage,%,,,,
E11000002,Merseyside (Met County),County or Unitary Authority,Percentage of households fuel poor,2024-01-01/P1Y,10.540328582147849,Percentage,%,,,,
E47000004,Liverpool City Region,Combined Authority or City Region,Percentage of households fuel poor,2024-01-01/P1Y,10.414949783372323,Percentage,%,,,,This data has been aggregated and may show differences to other published figures.
E08000011,Knowsley,Local Authority District,Percentage of households fuel poor,2024-01-01/P1Y,8.725182106497908,Percentage,%,,,,
E08000012,Liverpool,Local Authority District,Percentage of households fuel poor,2024-01-01/P1Y,11.893739434056998,Percentage,%,,,,
E08000014,Sefton,Local Authority District,Percentage of households fuel poor,2024-01-01/P1Y,9.82747494538132,Percentage,%,,,,
E08000013,St. Helens,Local Authority District,Percentage of households fuel poor,2024-01-01/P1Y,10.003662614161321,Percentage,%,,,,
E08000015,Wirral,Local Authority District,Percentage of households fuel poor,2024-01-01/P1Y,10.330746970881702,Percentage,%,,,,
E12000003,Yorkshire and The Humber,Region,Percentage of households fuel poor,2024-01-01/P1Y,11.329259541083667,Percentage,%,,,,
E47000016,Hull and East Yorkshire,Combined Authority or City Region,Percentage of households fuel poor,2024-01-01/P1Y,11.593810844192594,Percentage,%,,,,This data has been aggregated and may show differences to other published figures.
E06000011,East Riding of Yorkshire,County or Unitary Authority,Percentage of households fuel poor,2024-01-01/P1Y,10.159117960283155,Percentage,%,,,,
E06000010,"Kingston upon Hull, City of",County or Unitary Authority,Percentage of households fuel poor,2024-01-01/P1Y,13.48165489271554,Percentage,%,,,,
E47000017,Greater Lincolnshire,Combined Authority or City Region,Percentage of households fuel poor,2024-01-01/P1Y,11.129772413533582,Percentage,%,,,,This data has been aggregated and may show differences to other published figures.
E06000012,North East Lincolnshire,County or Unitary Authority,Percentage of households fuel poor,2024-01-01/P1Y,12.291666666666666,Percentage,%,,,,
E06000013,North Lincolnshire,County or Unitary Authority,Percentage of households fuel poor,2024-01-01/P1Y,11.172297077393738,Percentage,%,,,,
E47000012,York and North Yorkshire,Combined Authority or City Region,Percentage of households fuel poor,2024-01-01/P1Y,10.847377856277863,Percentage,%,,,,This data has been aggregated and may show differences to other published figures.
E06000014,York,County or Unitary Authority,Percentage of households fuel poor,2024-01-01/P1Y,9.813874788494077,Percentage,%,,,,
E06000065,North Yorkshire,County or Unitary Authority,Percentage of households fuel poor,2024-01-01/P1Y,11.16933106772549,Percentage,%,,,,
E11000003,South Yorkshire (Met County),County or Unitary Authority,Percentage of households fuel poor,2024-01-01/P1Y,11.310916147760333,Percentage,%,,,,
E47000002,South Yorkshire,Combined Authority or City Region,Percentage of households fuel poor,2024-01-01/P1Y,11.310916147760333,Percentage,%,,,,This data has been aggregated and may show differences to other published figures.
E08000038,Barnsley,Local Authority District,Percentage of households fuel poor,2024-01-01/P1Y,11.91863030623952,Percentage,%,,,,
E08000017,Doncaster,Local Authority District,Percentage of households fuel poor,2024-01-01/P1Y,12.101524725078804,Percentage,%,,,,
E08000018,Rotherham,Local Authority District,Percentage of households fuel poor,2024-01-01/P1Y,10.77534724832327,Percentage,%,,,,
E08000039,Sheffield,Local Authority District,Percentage of households fuel poor,2024-01-01/P1Y,10.837276954909553,Percentage,%,,,,
E11000006,West Yorkshire (Met County),County or Unitary Authority,Percentage of households fuel poor,2024-01-01/P1Y,11.388603663436795,Percentage,%,,,,
E47000003,West Yorkshire,Combined Authority or City Region,Percentage of households fuel poor,2024-01-01/P1Y,11.388603663436795,Percentage,%,,,,This data has been aggregated and may show differences to other published figures.
E08000032,Bradford,Local Authority District,Percentage of households fuel poor,2024-01-01/P1Y,12.176845430449148,Percentage,%,,,,
E08000033,Calderdale,Local Authority District,Percentage of households fuel poor,2024-01-01/P1Y,11.788309636650869,Percentage,%,,,,
E08000034,Kirklees,Local Authority District,Percentage of households fuel poor,2024-01-01/P1Y,11.272647496334665,Percentage,%,,,,
E08000035,Leeds,Local Authority District,Percentage of households fuel poor,2024-01-01/P1Y,11.12523379074091,Percentage,%,,,,
E08000036,Wakefield,Local Authority District,Percentage of households fuel poor,2024-01-01/P1Y,10.794478603968036,Percentage,%,,,,
E12000004,East Midlands,Region,Percentage of households fuel poor,2024-01-01/P1Y,10.58974299873228,Percentage,%,,,,
E47000013,East Midlands,Combined Authority or City Region,Percentage of households fuel poor,2024-01-01/P1Y,10.921858568943778,Percentage,%,,,,This data has been aggregated and may show differences to other published figures.
E06000015,Derby,County or Unitary Authority,Percentage of households fuel poor,2024-01-01/P1Y,11.854116852294647,Percentage,%,,,,
E06000016,Leicester,County or Unitary Authority,Percentage of households fuel poor,2024-01-01/P1Y,13.330735752514261,Percentage,%,,,,
E06000061,North Northamptonshire,County or Unitary Authority,Percentage of households fuel poor,2024-01-01/P1Y,9.773125011846021,Percentage,%,,,,
E06000018,Nottingham,County or Unitary Authority,Percentage of households fuel poor,2024-01-01/P1Y,12.852643419572555,Percentage,%,,,,
E06000017,Rutland,County or Unitary Authority,Percentage of households fuel poor,2024-01-01/P1Y,10.928808226105522,Percentage,%,,,,
E06000062,West Northamptonshire,County or Unitary Authority,Percentage of households fuel poor,2024-01-01/P1Y,9.769620859269578,Percentage,%,,,,
E10000007,Derbyshire,County or Unitary Authority,Percentage of households fuel poor,2024-01-01/P1Y,10.644100893309597,Percentage,%,,,,
E07000032,Amber Valley,Local Authority District,Percentage of households fuel poor,2024-01-01/P1Y,10.413391752232517,Percentage,%,,,,
E07000033,Bolsover,Local Authority District,Percentage of households fuel poor,2024-01-01/P1Y,11.853632478632479,Percentage,%,,,,
E07000034,Chesterfield,Local Authority District,Percentage of households fuel poor,2024-01-01/P1Y,11.11501934576152,Percentage,%,,,,
E07000035,Derbyshire Dales,Local Authority District,Percentage of households fuel poor,2024-01-01/P1Y,12.574432857931276,Percentage,%,,,,
E07000036,Erewash,Local Authority District,Percentage of households fuel poor,2024-01-01/P1Y,10.399224300285294,Percentage,%,,,,
E07000037,High Peak,Local Authority District,Percentage of households fuel poor,2024-01-01/P1Y,10.7378841947738,Percentage,%,,,,
E07000038,North East Derbyshire,Local Authority District,Percentage of households fuel poor,2024-01-01/P1Y,10.145490212105113,Percentage,%,,,,
E07000039,South Derbyshire,Local Authority District,Percentage of households fuel poor,2024-01-01/P1Y,8.801381261441172,Percentage,%,,,,
E10000018,Leicestershire,County or Unitary Authority,Percentage of households fuel poor,2024-01-01/P1Y,8.893798717456978,Percentage,%,,,,
E07000129,Blaby,Local Authority District,Percentage of households fuel poor,2024-01-01/P1Y,7.5116438204975395,Percentage,%,,,,
E07000130,Charnwood,Local Authority District,Percentage of households fuel poor,2024-01-01/P1Y,8.813205819513684,Percentage,%,,,,
E07000131,Harborough,Local Authority District,Percentage of households fuel poor,2024-01-01/P1Y,8.358146459477062,Percentage,%,,,,
E07000132,Hinckley and Bosworth,Local Authority District,Percentage of households fuel poor,2024-01-01/P1Y,8.864371314437893,Percentage,%,,,,
E07000133,Melton,Local Authority District,Percentage of households fuel poor,2024-01-01/P1Y,11.067177224673271,Percentage,%,,,,
E07000134,North West Leicestershire,Local Authority District,Percentage of households fuel poor,2024-01-01/P1Y,9.81327974545759,Percentage,%,,,,
E07000135,Oadby and Wigston,Local Authority District,Percentage of households fuel poor,2024-01-01/P1Y,8.785572468563865,Percentage,%,,,,
E10000019,Lincolnshire,County or Unitary Authority,Percentage of households fuel poor,2024-01-01/P1Y,10.879961201403066,Percentage,%,,,,
E07000136,Boston,Local Authority District,Percentage of households fuel poor,2024-01-01/P1Y,11.77525786405279,Percentage,%,,,,
E07000137,East Lindsey,Local Authority District,Percentage of households fuel poor,2024-01-01/P1Y,11.705041079216958,Percentage,%,,,,
E07000138,Lincoln,Local Authority District,Percentage of households fuel poor,2024-01-01/P1Y,12.265339966832505,Percentage,%,,,,
E07000139,North Kesteven,Local Authority District,Percentage of households fuel poor,2024-01-01/P1Y,9.08250947057193,Percentage,%,,,,
E07000140,South Holland,Local Authority District,Percentage of households fuel poor,2024-01-01/P1Y,10.575186403000973,Percentage,%,,,,
E07000141,South Kesteven,Local Authority District,Percentage of households fuel poor,2024-01-01/P1Y,9.824246503627252,Percentage,%,,,,
E07000142,West Lindsey,Local Authority District,Percentage of households fuel poor,2024-01-01/P1Y,11.623001776198933,Percentage,%,,,,
E10000024,Nottinghamshire,County or Unitary Authority,Percentage of households fuel poor,2024-01-01/P1Y,10.244663991105995,Percentage,%,,,,
E07000170,Ashfield,Local Authority District,Percentage of households fuel poor,2024-01-01/P1Y,10.649440137812231,Percentage,%,,,,
E07000171,Bassetlaw,Local Authority District,Percentage of households fuel poor,2024-01-01/P1Y,11.376120002189822,Percentage,%,,,,
E07000172,Broxtowe,Local Authority District,Percentage of households fuel poor,2024-01-01/P1Y,9.759975183217652,Percentage,%,,,,
E07000173,Gedling,Local Authority District,Percentage of households fuel poor,2024-01-01/P1Y,9.184174624829469,Percentage,%,,,,
E07000174,Mansfield,Local Authority District,Percentage of households fuel poor,2024-01-01/P1Y,11.155440819838848,Percentage,%,,,,
E07000175,Newark and Sherwood,Local Authority District,Percentage of households fuel poor,2024-01-01/P1Y,10.826230893850813,Percentage,%,,,,
E07000176,Rushcliffe,Local Authority District,Percentage of households fuel poor,2024-01-01/P1Y,8.70595759890141,Percentage,%,,,,
E12000005,West Midlands,Region,Percentage of households fuel poor,2024-01-01/P1Y,12.101992359264688,Percentage,%,,,,
E06000019,"Herefordshire, County of",County or Unitary Authority,Percentage of households fuel poor,2024-01-01/P1Y,13.132938874286443,Percentage,%,,,,
E06000051,Shropshire,County or Unitary Authority,Percentage of households fuel poor,2024-01-01/P1Y,12.751636238374095,Percentage,%,,,,
E06000021,Stoke-on-Trent,County or Unitary Authority,Percentage of households fuel poor,2024-01-01/P1Y,14.774522912361734,Percentage,%,,,,
E06000020,Telford and Wrekin,County or Unitary Authority,Percentage of households fuel poor,2024-01-01/P1Y,10.673121543150264,Percentage,%,,,,
E10000028,Staffordshire,County or Unitary Authority,Percentage of households fuel poor,2024-01-01/P1Y,10.883241614155198,Percentage,%,,,,
E07000192,Cannock Chase,Local Authority District,Percentage of households fuel poor,2024-01-01/P1Y,10.39667447928183,Percentage,%,,,,
E07000193,East Staffordshire,Local Authority District,Percentage of households fuel poor,2024-01-01/P1Y,12.21814368117462,Percentage,%,,,,
E07000194,Lichfield,Local Authority District,Percentage of households fuel poor,2024-01-01/P1Y,9.421494560070709,Percentage,%,,,,
E07000195,Newcastle-under-Lyme,Local Authority District,Percentage of households fuel poor,2024-01-01/P1Y,12.011047940168949,Percentage,%,,,,
E07000196,South Staffordshire,Local Authority District,Percentage of households fuel poor,2024-01-01/P1Y,9.702377238410183,Percentage,%,,,,
E07000197,Stafford,Local Authority District,Percentage of households fuel poor,2024-01-01/P1Y,10.972273330880117,Percentage,%,,,,
E07000198,Staffordshire Moorlands,Local Authority District,Percentage of households fuel poor,2024-01-01/P1Y,12.200430790159846,Percentage,%,,,,
E07000199,Tamworth,Local Authority District,Percentage of households fuel poor,2024-01-01/P1Y,9.436989498249709,Percentage,%,,,,
E10000031,Warwickshire,County or Unitary Authority,Percentage of households fuel poor,2024-01-01/P1Y,10.817531861983214,Percentage,%,,,,
E07000218,North Warwickshire,Local Authority District,Percentage of households fuel poor,2024-01-01/P1Y,11.877194812419596,Percentage,%,,,,
E07000219,Nuneaton and Bedworth,Local Authority District,Percentage of households fuel poor,2024-01-01/P1Y,10.659786464787059,Percentage,%,,,,
E07000220,Rugby,Local Authority District,Percentage of households fuel poor,2024-01-01/P1Y,10.845317862395817,Percentage,%,,,,
E07000221,Stratford-on-Avon,Local Authority District,Percentage of households fuel poor,2024-01-01/P1Y,11.275365128602816,Percentage,%,,,,
E07000222,Warwick,Local Authority District,Percentage of households fuel poor,2024-01-01/P1Y,10.037994852310332,Percentage,%,,,,
E11000005,West Midlands (Met County),County or Unitary Authority,Percentage of households fuel poor,2024-01-01/P1Y,12.811242766602371,Percentage,%,,,,
E47000007,West Midlands,Combined Authority or City Region,Percentage of households fuel poor,2024-01-01/P1Y,12.811242766602371,Percentage,%,,,,This data has been aggregated and may show differences to other published figures.
E08000025,Birmingham,Local Authority District,Percentage of households fuel poor,2024-01-01/P1Y,13.777327834360428,Percentage,%,,,,
E08000026,Coventry,Local Authority District,Percentage of households fuel poor,2024-01-01/P1Y,13.329044249052826,Percentage,%,,,,
E08000027,Dudley,Local Authority District,Percentage of households fuel poor,2024-01-01/P1Y,11.28813036837754,Percentage,%,,,,
E08000028,Sandwell,Local Authority District,Percentage of households fuel poor,2024-01-01/P1Y,13.503926846355224,Percentage,%,,,,
E08000029,Solihull,Local Authority District,Percentage of households fuel poor,2024-01-01/P1Y,8.905579399141631,Percentage,%,,,,
E08000030,Walsall,Local Authority District,Percentage of households fuel poor,2024-01-01/P1Y,12.08590006844627,Percentage,%,,,,
E08000031,Wolverhampton,Local Authority District,Percentage of households fuel poor,2024-01-01/P1Y,13.479772584163024,Percentage,%,,,,
E10000034,Worcestershire,County or Unitary Authority,Percentage of households fuel poor,2024-01-01/P1Y,10.629572156949678,Percentage,%,,,,
E07000234,Bromsgrove,Local Authority District,Percentage of households fuel poor,2024-01-01/P1Y,8.810931607616741,Percentage,%,,,,
E07000235,Malvern Hills,Local Authority District,Percentage of households fuel poor,2024-01-01/P1Y,12.27417933465521,Percentage,%,,,,
E07000236,Redditch,Local Authority District,Percentage of households fuel poor,2024-01-01/P1Y,9.64233865646034,Percentage,%,,,,
E07000237,Worcester,Local Authority District,Percentage of households fuel poor,2024-01-01/P1Y,10.509369566617297,Percentage,%,,,,
E07000238,Wychavon,Local Authority District,Percentage of households fuel poor,2024-01-01/P1Y,11.253201211857457,Percentage,%,,,,
E07000239,Wyre Forest,Local Authority District,Percentage of households fuel poor,2024-01-01/P1Y,11.141494435612083,Percentage,%,,,,
E12000006,East of England,Region,Percentage of households fuel poor,2024-01-01/P1Y,9.347550711623565,Percentage,%,,,,
E06000055,Bedford,County or Unitary Authority,Percentage of households fuel poor,2024-01-01/P1Y,9.282137319199776,Percentage,%,,,,
E06000056,Central Bedfordshire,County or Unitary Authority,Percentage of households fuel poor,2024-01-01/P1Y,7.921652252892628,Percentage,%,,,,
E06000032,Luton,County or Unitary Authority,Percentage of households fuel poor,2024-01-01/P1Y,11.986800428745198,Percentage,%,,,,
E06000031,Peterborough,County or Unitary Authority,Percentage of households fuel poor,2024-01-01/P1Y,9.914928093984201,Percentage,%,,,,
E06000033,Southend-on-Sea,County or Unitary Authority,Percentage of households fuel poor,2024-01-01/P1Y,11.009475617618081,Percentage,%,,,,
E06000034,Thurrock,County or Unitary Authority,Percentage of households fuel poor,2024-01-01/P1Y,8.198410994202277,Percentage,%,,,,
E10000003,Cambridgeshire,County or Unitary Authority,Percentage of households fuel poor,2024-01-01/P1Y,9.292102210722106,Percentage,%,,,,
E47000008,Cambridgeshire and Peterborough,Combined Authority or City Region,Percentage of households fuel poor,2024-01-01/P1Y,9.437653840489766,Percentage,%,,,,This data has been aggregated and may show differences to other published figures.
E07000008,Cambridge,Local Authority District,Percentage of households fuel poor,2024-01-01/P1Y,10.470815924177474,Percentage,%,,,,
E07000009,East Cambridgeshire,Local Authority District,Percentage of households fuel poor,2024-01-01/P1Y,10.14626635873749,Percentage,%,,,,
E07000010,Fenland,Local Authority District,Percentage of households fuel poor,2024-01-01/P1Y,9.844177264638223,Percentage,%,,,,
E07000011,Huntingdonshire,Local Authority District,Percentage of households fuel poor,2024-01-01/P1Y,8.425748094913574,Percentage,%,,,,
E07000012,South Cambridgeshire,Local Authority District,Percentage of households fuel poor,2024-01-01/P1Y,8.52497228460161,Percentage,%,,,,
E10000012,Essex,County or Unitary Authority,Percentage of households fuel poor,2024-01-01/P1Y,8.40444801030859,Percentage,%,,,,
E07000066,Basildon,Local Authority District,Percentage of households fuel poor,2024-01-01/P1Y,7.0309090682393425,Percentage,%,,,,
E07000067,Braintree,Local Authority District,Percentage of households fuel poor,2024-01-01/P1Y,9.292742656870939,Percentage,%,,,,
E07000068,Brentwood,Local Authority District,Percentage of households fuel poor,2024-01-01/P1Y,7.7072538860103625,Percentage,%,,,,
E07000069,Castle Point,Local Authority District,Percentage of households fuel poor,2024-01-01/P1Y,7.636326624087126,Percentage,%,,,,
E07000070,Chelmsford,Local Authority District,Percentage of households fuel poor,2024-01-01/P1Y,7.504512806271222,Percentage,%,,,,
E07000071,Colchester,Local Authority District,Percentage of households fuel poor,2024-01-01/P1Y,8.619518184310595,Percentage,%,,,,
E07000072,Epping Forest,Local Authority District,Percentage of households fuel poor,2024-01-01/P1Y,8.309360670885855,Percentage,%,,,,
E07000073,Harlow,Local Authority District,Percentage of households fuel poor,2024-01-01/P1Y,7.821762282728825,Percentage,%,,,,
E07000074,Maldon,Local Authority District,Percentage of households fuel poor,2024-01-01/P1Y,9.284200451220347,Percentage,%,,,,
E07000075,Rochford,Local Authority District,Percentage of households fuel poor,2024-01-01/P1Y,7.0786035553651745,Percentage,%,,,,
E07000076,Tendring,Local Authority District,Percentage of households fuel poor,2024-01-01/P1Y,10.854278452414572,Percentage,%,,,,
E07000077,Uttlesford,Local Authority District,Percentage of households fuel poor,2024-01-01/P1Y,9.324966429087905,Percentage,%,,,,
E10000015,Hertfordshire,County or Unitary Authority,Percentage of households fuel poor,2024-01-01/P1Y,8.192571064653702,Percentage,%,,,,
E07000095,Broxbourne,Local Authority District,Percentage of households fuel poor,2024-01-01/P1Y,7.349495529096734,Percentage,%,,,,
E07000096,Dacorum,Local Authority District,Percentage of households fuel poor,2024-01-01/P1Y,8.071513277391656,Percentage,%,,,,
E07000242,East Hertfordshire,Local Authority District,Percentage of households fuel poor,2024-01-01/P1Y,8.025184275184277,Percentage,%,,,,
E07000098,Hertsmere,Local Authority District,Percentage of households fuel poor,2024-01-01/P1Y,8.175693762826805,Percentage,%,,,,
E07000099,North Hertfordshire,Local Authority District,Percentage of households fuel poor,2024-01-01/P1Y,8.73688627780109,Percentage,%,,,,
E07000240,St Albans,Local Authority District,Percentage of households fuel poor,2024-01-01/P1Y,7.652435085906213,Percentage,%,,,,
E07000243,Stevenage,Local Authority District,Percentage of households fuel poor,2024-01-01/P1Y,7.2997079073649065,Percentage,%,,,,
E07000102,Three Rivers,Local Authority District,Percentage of households fuel poor,2024-01-01/P1Y,7.500967617081667,Percentage,%,,,,
E07000103,Watford,Local Authority District,Percentage of households fuel poor,2024-01-01/P1Y,10.812828044493667,Percentage,%,,,,
E07000241,Welwyn Hatfield,Local Authority District,Percentage of households fuel poor,2024-01-01/P1Y,8.361423990791746,Percentage,%,,,,
E10000020,Norfolk,County or Unitary Authority,Percentage of households fuel poor,2024-01-01/P1Y,10.905467574042275,Percentage,%,,,,
E07000143,Breckland,Local Authority District,Percentage of households fuel poor,2024-01-01/P1Y,10.602999210734017,Percentage,%,,,,
E07000144,Broadland,Local Authority District,Percentage of households fuel poor,2024-01-01/P1Y,8.632761659994397,Percentage,%,,,,
E07000145,Great Yarmouth,Local Authority District,Percentage of households fuel poor,2024-01-01/P1Y,11.510038445108927,Percentage,%,,,,
E07000146,King's Lynn and West Norfolk,Local Authority District,Percentage of households fuel poor,2024-01-01/P1Y,11.54248402962293,Percentage,%,,,,
E07000147,North Norfolk,Local Authority District,Percentage of households fuel poor,2024-01-01/P1Y,12.160037729916679,Percentage,%,,,,
E07000148,Norwich,Local Authority District,Percentage of households fuel poor,2024-01-01/P1Y,12.127266000739919,Percentage,%,,,,
E07000149,South Norfolk,Local Authority District,Percentage of households fuel poor,2024-01-01/P1Y,9.932798410752254,Percentage,%,,,,
E10000029,Suffolk,County or Unitary Authority,Percentage of households fuel poor,2024-01-01/P1Y,10.54964007412674,Percentage,%,,,,
E07000200,Babergh,Local Authority District,Percentage of households fuel poor,2024-01-01/P1Y,10.702951068163518,Percentage,%,,,,
E07000244,East Suffolk,Local Authority District,Percentage of households fuel poor,2024-01-01/P1Y,10.560344827586206,Percentage,%,,,,
E07000202,Ipswich,Local Authority District,Percentage of households fuel poor,2024-01-01/P1Y,11.189370898031054,Percentage,%,,,,
E07000203,Mid Suffolk,Local Authority District,Percentage of households fuel poor,2024-01-01/P1Y,10.018301216492626,Percentage,%,,,,
E07000245,West Suffolk,Local Authority District,Percentage of households fuel poor,2024-01-01/P1Y,10.271153613364,Percentage,%,,,,
E12000007,London,Region,Percentage of households fuel poor,2024-01-01/P1Y,9.632688890740761,Percentage,%,,,,
E13000001,Inner London,County or Unitary Authority,Percentage of households fuel poor,2024-01-01/P1Y,9.42533161951052,Percentage,%,,,,
E09000007,Camden,Local Authority District,Percentage of households fuel poor,2024-01-01/P1Y,9.561654898021489,Percentage,%,,,,
E09000001,City of London,Local Authority District,Percentage of households fuel poor,2024-01-01/P1Y,6.271186440677965,Percentage,%,,,,
E09000012,Hackney,Local Authority District,Percentage of households fuel poor,2024-01-01/P1Y,8.995259266963071,Percentage,%,,,,
E09000013,Hammersmith and Fulham,Local Authority District,Percentage of households fuel poor,2024-01-01/P1Y,9.747885912463827,Percentage,%,,,,
E09000014,Haringey,Local Authority District,Percentage of households fuel poor,2024-01-01/P1Y,11.385601232579312,Percentage,%,,,,
E09000019,Islington,Local Authority District,Percentage of households fuel poor,2024-01-01/P1Y,8.497914563772449,Percentage,%,,,,
E09000020,Kensington and Chelsea,Local Authority District,Percentage of households fuel poor,2024-01-01/P1Y,10.722327845421571,Percentage,%,,,,
E09000022,Lambeth,Local Authority District,Percentage of households fuel poor,2024-01-01/P1Y,9.264761124201755,Percentage,%,,,,
E09000023,Lewisham,Local Authority District,Percentage of households fuel poor,2024-01-01/P1Y,9.813672982582474,Percentage,%,,,,
E09000025,Newham,Local Authority District,Percentage of households fuel poor,2024-01-01/P1Y,11.920744483186667,Percentage,%,,,,
E09000028,Southwark,Local Authority District,Percentage of households fuel poor,2024-01-01/P1Y,8.183597600473146,Percentage,%,,,,
E09000030,Tower Hamlets,Local Authority District,Percentage of households fuel poor,2024-01-01/P1Y,7.034923150779922,Percentage,%,,,,
E09000032,Wandsworth,Local Authority District,Percentage of households fuel poor,2024-01-01/P1Y,8.535410954323547,Percentage,%,,,,
E09000033,Westminster,Local Authority District,Percentage of households fuel poor,2024-01-01/P1Y,10.199601374967504,Percentage,%,,,,
E13000002,Outer London,County or Unitary Authority,Percentage of households fuel poor,2024-01-01/P1Y,9.777937762427353,Percentage,%,,,,
E09000002,Barking and Dagenham,Local Authority District,Percentage of households fuel poor,2024-01-01/P1Y,12.798899232685848,Percentage,%,,,,
E09000003,Barnet,Local Authority District,Percentage of households fuel poor,2024-01-01/P1Y,9.436222300430352,Percentage,%,,,,
E09000004,Bexley,Local Authority District,Percentage of households fuel poor,2024-01-01/P1Y,7.928917795566502,Percentage,%,,,,
E09000005,Brent,Local Authority District,Percentage of households fuel poor,2024-01-01/P1Y,11.421577361355343,Percentage,%,,,,
E09000006,Bromley,Local Authority District,Percentage of households fuel poor,2024-01-01/P1Y,7.916401930434078,Percentage,%,,,,
E09000008,Croydon,Local Authority District,Percentage of households fuel poor,2024-01-01/P1Y,10.023461079209643,Percentage,%,,,,
E09000009,Ealing,Local Authority District,Percentage of households fuel poor,2024-01-01/P1Y,10.74538176916411,Percentage,%,,,,
E09000010,Enfield,Local Authority District,Percentage of households fuel poor,2024-01-01/P1Y,10.963783139300876,Percentage,%,,,,
E09000011,Greenwich,Local Authority District,Percentage of households fuel poor,2024-01-01/P1Y,9.159857632946885,Percentage,%,,,,
E09000015,Harrow,Local Authority District,Percentage of households fuel poor,2024-01-01/P1Y,10.432067164943176,Percentage,%,,,,
E09000016,Havering,Local Authority District,Percentage of households fuel poor,2024-01-01/P1Y,7.772480922257065,Percentage,%,,,,
E09000017,Hillingdon,Local Authority District,Percentage of households fuel poor,2024-01-01/P1Y,9.498319327731092,Percentage,%,,,,
E09000018,Hounslow,Local Authority District,Percentage of households fuel poor,2024-01-01/P1Y,10.272248504864768,Percentage,%,,,,
E09000021,Kingston upon Thames,Local Authority District,Percentage of households fuel poor,2024-01-01/P1Y,8.615681126225525,Percentage,%,,,,
E09000024,Merton,Local Authority District,Percentage of households fuel poor,2024-01-01/P1Y,9.9000156575033,Percentage,%,,,,
E09000026,Redbridge,Local Authority District,Percentage of households fuel poor,2024-01-01/P1Y,10.732146959549013,Percentage,%,,,,
E09000027,Richmond upon Thames,Local Authority District,Percentage of households fuel poor,2024-01-01/P1Y,8.260177393677507,Percentage,%,,,,
E09000029,Sutton,Local Authority District,Percentage of households fuel poor,2024-01-01/P1Y,8.082181097010684,Percentage,%,,,,
E09000031,Waltham Forest,Local Authority District,Percentage of households fuel poor,2024-01-01/P1Y,11.489046138451092,Percentage,%,,,,
E12000008,South East,Region,Percentage of households fuel poor,2024-01-01/P1Y,8.213687367546514,Percentage,%,,,,
E06000036,Bracknell Forest,County or Unitary Authority,Percentage of households fuel poor,2024-01-01/P1Y,5.760394278514785,Percentage,%,,,,
E06000043,Brighton and Hove,County or Unitary Authority,Percentage of households fuel poor,2024-01-01/P1Y,10.881909393081374,Percentage,%,,,,
E06000060,Buckinghamshire,County or Unitary Authority,Percentage of households fuel poor,2024-01-01/P1Y,7.544663696159559,Percentage,%,,,,
E06000046,Isle of Wight,County or Unitary Authority,Percentage of households fuel poor,2024-01-01/P1Y,9.732349537037036,Percentage,%,,,,
E06000035,Medway,County or Unitary Authority,Percentage of households fuel poor,2024-01-01/P1Y,8.866214482741274,Percentage,%,,,,
E06000042,Milton Keynes,County or Unitary Authority,Percentage of households fuel poor,2024-01-01/P1Y,6.412595668794016,Percentage,%,,,,
E06000044,Portsmouth,County or Unitary Authority,Percentage of households fuel poor,2024-01-01/P1Y,10.909939033650822,Percentage,%,,,,
E06000038,Reading,County or Unitary Authority,Percentage of households fuel poor,2024-01-01/P1Y,9.978167145699757,Percentage,%,,,,
E06000039,Slough,County or Unitary Authority,Percentage of households fuel poor,2024-01-01/P1Y,9.76915415807071,Percentage,%,,,,
E06000045,Southampton,County or Unitary Authority,Percentage of households fuel poor,2024-01-01/P1Y,9.838175296404808,Percentage,%,,,,
E06000037,West Berkshire,County or Unitary Authority,Percentage of households fuel poor,2024-01-01/P1Y,7.923056416875957,Percentage,%,,,,
E06000040,Windsor and Maidenhead,County or Unitary Authority,Percentage of households fuel poor,2024-01-01/P1Y,7.608027537033622,Percentage,%,,,,
E06000041,Wokingham,County or Unitary Authority,Percentage of households fuel poor,2024-01-01/P1Y,5.556455532156164,Percentage,%,,,,
E10000011,East Sussex,County or Unitary Authority,Percentage of households fuel poor,2024-01-01/P1Y,9.239691374132915,Percentage,%,,,,
E07000061,Eastbourne,Local Authority District,Percentage of households fuel poor,2024-01-01/P1Y,9.356019550502054,Percentage,%,,,,
E07000062,Hastings,Local Authority District,Percentage of households fuel poor,2024-01-01/P1Y,11.082105068613409,Percentage,%,,,,
E07000063,Lewes,Local Authority District,Percentage of households fuel poor,2024-01-01/P1Y,8.416816508262693,Percentage,%,,,,
E07000064,Rother,Local Authority District,Percentage of households fuel poor,2024-01-01/P1Y,9.6595706857473,Percentage,%,,,,
E07000065,Wealden,Local Authority District,Percentage of households fuel poor,2024-01-01/P1Y,8.335163628376895,Percentage,%,,,,
E10000014,Hampshire,County or Unitary Authority,Percentage of households fuel poor,2024-01-01/P1Y,7.189419830502275,Percentage,%,,,,
E07000084,Basingstoke and Deane,Local Authority District,Percentage of households fuel poor,2024-01-01/P1Y,7.137552804255992,Percentage,%,,,,
E07000085,East Hampshire,Local Authority District,Percentage of households fuel poor,2024-01-01/P1Y,7.417333735645444,Percentage,%,,,,
E07000086,Eastleigh,Local Authority District,Percentage of households fuel poor,2024-01-01/P1Y,6.044984403217862,Percentage,%,,,,
E07000087,Fareham,Local Authority District,Percentage of households fuel poor,2024-01-01/P1Y,6.165095247258034,Percentage,%,,,,
E07000088,Gosport,Local Authority District,Percentage of households fuel poor,2024-01-01/P1Y,8.037013932210439,Percentage,%,,,,
E07000089,Hart,Local Authority District,Percentage of households fuel poor,2024-01-01/P1Y,5.9746515760920405,Percentage,%,,,,
E07000090,Havant,Local Authority District,Percentage of households fuel poor,2024-01-01/P1Y,7.320695378701843,Percentage,%,,,,
E07000091,New Forest,Local Authority District,Percentage of households fuel poor,2024-01-01/P1Y,7.806418182037285,Percentage,%,,,,
E07000092,Rushmoor,Local Authority District,Percentage of households fuel poor,2024-01-01/P1Y,7.135073672241436,Percentage,%,,,,
E07000093,Test Valley,Local Authority District,Percentage of households fuel poor,2024-01-01/P1Y,7.523612700473108,Percentage,%,,,,
E07000094,Winchester,Local Authority District,Percentage of households fuel poor,2024-01-01/P1Y,8.234633633959941,Percentage,%,,,,
E10000016,Kent,County or Unitary Authority,Percentage of households fuel poor,2024-01-01/P1Y,8.805779144237665,Percentage,%,,,,
E07000105,Ashford,Local Authority District,Percentage of households fuel poor,2024-01-01/P1Y,8.081143416270619,Percentage,%,,,,
E07000106,Canterbury,Local Authority District,Percentage of households fuel poor,2024-01-01/P1Y,9.163224048518941,Percentage,%,,,,
E07000107,Dartford,Local Authority District,Percentage of households fuel poor,2024-01-01/P1Y,7.275213256601772,Percentage,%,,,,
E07000108,Dover,Local Authority District,Percentage of households fuel poor,2024-01-01/P1Y,10.201849826694593,Percentage,%,,,,
E07000112,Folkestone and Hythe,Local Authority District,Percentage of households fuel poor,2024-01-01/P1Y,9.803883570404249,Percentage,%,,,,
E07000109,Gravesham,Local Authority District,Percentage of households fuel poor,2024-01-01/P1Y,9.336642296599369,Percentage,%,,,,
E07000110,Maidstone,Local Authority District,Percentage of households fuel poor,2024-01-01/P1Y,8.016477803661441,Percentage,%,,,,
E07000111,Sevenoaks,Local Authority District,Percentage of households fuel poor,2024-01-01/P1Y,8.063654403907801,Percentage,%,,,,
E07000113,Swale,Local Authority District,Percentage of households fuel poor,2024-01-01/P1Y,8.723680549114182,Percentage,%,,,,
E07000114,Thanet,Local Authority District,Percentage of households fuel poor,2024-01-01/P1Y,10.419239225371202,Percentage,%,,,,
E07000115,Tonbridge and Malling,Local Authority District,Percentage of households fuel poor,2024-01-01/P1Y,7.271458478715981,Percentage,%,,,,
E07000116,Tunbridge Wells,Local Authority District,Percentage of households fuel poor,2024-01-01/P1Y,9.31969885128842,Percentage,%,,,,
E10000025,Oxfordshire,County or Unitary Authority,Percentage of households fuel poor,2024-01-01/P1Y,8.713101935668075,Percentage,%,,,,
E07000177,Cherwell,Local Authority District,Percentage of households fuel poor,2024-01-01/P1Y,8.135506587914584,Percentage,%,,,,
E07000178,Oxford,Local Authority District,Percentage of households fuel poor,2024-01-01/P1Y,10.640917524034407,Percentage,%,,,,
E07000179,South Oxfordshire,Local Authority District,Percentage of households fuel poor,2024-01-01/P1Y,8.307598691716741,Percentage,%,,,,
E07000180,Vale of White Horse,Local Authority District,Percentage of households fuel poor,2024-01-01/P1Y,7.765552264071096,Percentage,%,,,,
E07000181,West Oxfordshire,Local Authority District,Percentage of households fuel poor,2024-01-01/P1Y,8.932364231571153,Percentage,%,,,,
E10000030,Surrey,County or Unitary Authority,Percentage of households fuel poor,2024-01-01/P1Y,7.281582598403043,Percentage,%,,,,
E07000207,Elmbridge,Local Authority District,Percentage of households fuel poor,2024-01-01/P1Y,6.8450224910288595,Percentage,%,,,,
E07000208,Epsom and Ewell,Local Authority District,Percentage of households fuel poor,2024-01-01/P1Y,7.5832213763248255,Percentage,%,,,,
E07000209,Guildford,Local Authority District,Percentage of households fuel poor,2024-01-01/P1Y,8.289964691510903,Percentage,%,,,,
E07000210,Mole Valley,Local Authority District,Percentage of households fuel poor,2024-01-01/P1Y,7.664196784112103,Percentage,%,,,,
E07000211,Reigate and Banstead,Local Authority District,Percentage of households fuel poor,2024-01-01/P1Y,6.678429780456575,Percentage,%,,,,
E07000212,Runnymede,Local Authority District,Percentage of households fuel poor,2024-01-01/P1Y,7.336796444063622,Percentage,%,,,,
E07000213,Spelthorne,Local Authority District,Percentage of households fuel poor,2024-01-01/P1Y,7.526617160239778,Percentage,%,,,,
E07000214,Surrey Heath,Local Authority District,Percentage of households fuel poor,2024-01-01/P1Y,5.812836030232981,Percentage,%,,,,
E07000215,Tandridge,Local Authority District,Percentage of households fuel poor,2024-01-01/P1Y,7.509383448384472,Percentage,%,,,,
E07000216,Waverley,Local Authority District,Percentage of households fuel poor,2024-01-01/P1Y,7.86799764281505,Percentage,%,,,,
E07000217,Woking,Local Authority District,Percentage of households fuel poor,2024-01-01/P1Y,6.853575533569223,Percentage,%,,,,
E10000032,West Sussex,County or Unitary Authority,Percentage of households fuel poor,2024-01-01/P1Y,7.9408816385969985,Percentage,%,,,,
E07000223,Adur,Local Authority District,Percentage of households fuel poor,2024-01-01/P1Y,8.058422721446401,Percentage,%,,,,
E07000224,Arun,Local Authority District,Percentage of households fuel poor,2024-01-01/P1Y,7.832760330152844,Percentage,%,,,,
E07000225,Chichester,Local Authority District,Percentage of households fuel poor,2024-01-01/P1Y,9.476360994343246,Percentage,%,,,,
E07000226,Crawley,Local Authority District,Percentage of households fuel poor,2024-01-01/P1Y,7.1665778360870815,Percentage,%,,,,
E07000227,Horsham,Local Authority District,Percentage of households fuel poor,2024-01-01/P1Y,7.46978908654207,Percentage,%,,,,
E07000228,Mid Sussex,Local Authority District,Percentage of households fuel poor,2024-01-01/P1Y,7.058562555456965,Percentage,%,,,,
E07000229,Worthing,Local Authority District,Percentage of households fuel poor,2024-01-01/P1Y,8.791001039795821,Percentage,%,,,,
E12000009,South West,Region,Percentage of households fuel poor,2024-01-01/P1Y,9.858004441362523,Percentage,%,,,,
E47000009,West of England,Combined Authority or City Region,Percentage of households fuel poor,2024-01-01/P1Y,9.491539415953829,Percentage,%,,,,This data has been aggregated and may show differences to other published figures.
E47000015,Devon and Torbay,Combined Authority or City Region,Percentage of households fuel poor,2024-01-01/P1Y,10.339856708571793,Percentage,%,,,,This data has been aggregated and may show differences to other published figures.
E06000022,Bath and North East Somerset,County or Unitary Authority,Percentage of households fuel poor,2024-01-01/P1Y,10.111544498882177,Percentage,%,,,,
E06000058,"Bournemouth, Christchurch and Poole",County or Unitary Authority,Percentage of households fuel poor,2024-01-01/P1Y,9.117983339685305,Percentage,%,,,,
E06000023,"Bristol, City of",County or Unitary Authority,Percentage of households fuel poor,2024-01-01/P1Y,10.558264405708984,Percentage,%,,,,
E06000052,Cornwall,County or Unitary Authority,Percentage of households fuel poor,2024-01-01/P1Y,11.037600908792415,Percentage,%,,,,
E06000059,Dorset,County or Unitary Authority,Percentage of households fuel poor,2024-01-01/P1Y,9.758804338733514,Percentage,%,,,,
E06000053,Isles of Scilly,County or Unitary Authority,Percentage of households fuel poor,2024-01-01/P1Y,17.326732673267326,Percentage,%,,,,
E06000024,North Somerset,County or Unitary Authority,Percentage of households fuel poor,2024-01-01/P1Y,8.42914551818354,Percentage,%,,,,
E06000026,Plymouth,County or Unitary Authority,Percentage of households fuel poor,2024-01-01/P1Y,10.452780731472094,Percentage,%,,,,
E06000066,Somerset,County or Unitary Authority,Percentage of households fuel poor,2024-01-01/P1Y,10.244609640164457,Percentage,%,,,,
E06000025,South Gloucestershire,County or Unitary Authority,Percentage of households fuel poor,2024-01-01/P1Y,7.3474998201884425,Percentage,%,,,,
E06000030,Swindon,County or Unitary Authority,Percentage of households fuel poor,2024-01-01/P1Y,8.107391253094425,Percentage,%,,,,
E06000027,Torbay,County or Unitary Authority,Percentage of households fuel poor,2024-01-01/P1Y,10.24557618255645,Percentage,%,,,,
E06000054,Wiltshire,County or Unitary Authority,Percentage of households fuel poor,2024-01-01/P1Y,9.636752698922185,Percentage,%,,,,
E10000008,Devon,County or Unitary Authority,Percentage of households fuel poor,2024-01-01/P1Y,10.356723547292408,Percentage,%,,,,
E07000040,East Devon,Local Authority District,Percentage of households fuel poor,2024-01-01/P1Y,9.693913683942155,Percentage,%,,,,
E07000041,Exeter,Local Authority District,Percentage of households fuel poor,2024-01-01/P1Y,9.692230432599182,Percentage,%,,,,
E07000042,Mid Devon,Local Authority District,Percentage of households fuel poor,2024-01-01/P1Y,11.335473770796296,Percentage,%,,,,
E07000043,North Devon,Local Authority District,Percentage of households fuel poor,2024-01-01/P1Y,11.175286601907763,Percentage,%,,,,
E07000044,South Hams,Local Authority District,Percentage of households fuel poor,2024-01-01/P1Y,10.583994232155732,Percentage,%,,,,
E07000045,Teignbridge,Local Authority District,Percentage of households fuel poor,2024-01-01/P1Y,9.413121800139056,Percentage,%,,,,
E07000046,Torridge,Local Authority District,Percentage of households fuel poor,2024-01-01/P1Y,11.301295393122302,Percentage,%,,,,
E07000047,West Devon,Local Authority District,Percentage of households fuel poor,2024-01-01/P1Y,11.477597712106768,Percentage,%,,,,
E10000013,Gloucestershire,County or Unitary Authority,Percentage of households fuel poor,2024-01-01/P1Y,9.75669091535709,Percentage,%,,,,
E07000078,Cheltenham,Local Authority District,Percentage of households fuel poor,2024-01-01/P1Y,9.2672836534175,Percentage,%,,,,
E07000079,Cotswold,Local Authority District,Percentage of households fuel poor,2024-01-01/P1Y,11.748589472706588,Percentage,%,,,,
E07000080,Forest of Dean,Local Authority District,Percentage of households fuel poor,2024-01-01/P1Y,11.785187820871244,Percentage,%,,,,
E07000081,Gloucester,Local Authority District,Percentage of households fuel poor,2024-01-01/P1Y,8.770077157602493,Percentage,%,,,,
E07000082,Stroud,Local Authority District,Percentage of households fuel poor,2024-01-01/P1Y,9.844119718945867,Percentage,%,,,,
E07000083,Tewkesbury,Local Authority District,Percentage of households fuel poor,2024-01-01/P1Y,7.796188325305925,Percentage,%,,,,
