areacd,areanm,geography,indicator,period,observation,measure,unit,lci_95,uci_95,status,notes,notes
W92000004,Wales,Nation,Apprenticeship starts (Wales),2012-08-01/P1Y,1079,"Rate per 100,000 population","Rate per 100,000 population",,,,,
W92000004,Wales,Nation,Apprenticeship starts (Wales),2024-08-01/P1Y,698,"Rate per 100,000 population","Rate per 100,000 population",,,,,
W92000004,Wales,Nation,Apprenticeship starts (Wales),2023-08-01/P1Y,802,"Rate per 100,000 population","Rate per 100,000 population",,,,,
W92000004,Wales,Nation,Apprenticeship starts (Wales),2022-08-01/P1Y,859,"Rate per 100,000 population","Rate per 100,000 population",,,,,
W92000004,Wales,Nation,Apprenticeship starts (Wales),2020-08-01/P1Y,791,"Rate per 100,000 population","Rate per 100,000 population",,,,,
W92000004,Wales,Nation,Apprenticeship starts (Wales),2019-08-01/P1Y,864,"Rate per 100,000 population","Rate per 100,000 population",,,,,
W92000004,Wales,Nation,Apprenticeship starts (Wales),2021-08-01/P1Y,762,"Rate per 100,000 population","Rate per 100,000 population",,,,,
W92000004,Wales,Nation,Apprenticeship starts (Wales),2017-08-01/P1Y,1205,"Rate per 100,000 population","Rate per 100,000 population",,,,,
W92000004,Wales,Nation,Apprenticeship starts (Wales),2016-08-01/P1Y,940,"Rate per 100,000 population","Rate per 100,000 population",,,,,
W92000004,Wales,Nation,Apprenticeship starts (Wales),2015-08-01/P1Y,925,"Rate per 100,000 population","Rate per 100,000 population",,,,,
W92000004,Wales,Nation,Apprenticeship starts (Wales),2014-08-01/P1Y,752,"Rate per 100,000 population","Rate per 100,000 population",,,,,
W92000004,Wales,Nation,Apprenticeship starts (Wales),2013-08-01/P1Y,1053,"Rate per 100,000 population","Rate per 100,000 population",,,,,
W92000004,Wales,Nation,Apprenticeship starts (Wales),2018-08-01/P1Y,1000,"Rate per 100,000 population","Rate per 100,000 population",,,,,
W06000001,Isle of Anglesey,Local Authority District,Apprenticeship starts (Wales),2020-08-01/P1Y,763,"Rate per 100,000 population","Rate per 100,000 population",,,,,
W06000001,Isle of Anglesey,Local Authority District,Apprenticeship starts (Wales),2024-08-01/P1Y,609,"Rate per 100,000 population","Rate per 100,000 population",,,,,
W06000001,Isle of Anglesey,Local Authority District,Apprenticeship starts (Wales),2023-08-01/P1Y,799,"Rate per 100,000 population","Rate per 100,000 population",,,,,
W06000001,Isle of Anglesey,Local Authority District,Apprenticeship starts (Wales),2022-08-01/P1Y,801,"Rate per 100,000 population","Rate per 100,000 population",,,,,
W06000001,Isle of Anglesey,Local Authority District,Apprenticeship starts (Wales),2021-08-01/P1Y,769,"Rate per 100,000 population","Rate per 100,000 population",,,,,
W06000001,Isle of Anglesey,Local Authority District,Apprenticeship starts (Wales),2019-08-01/P1Y,745,"Rate per 100,000 population","Rate per 100,000 population",,,,,
W06000001,Isle of Anglesey,Local Authority District,Apprenticeship starts (Wales),2014-08-01/P1Y,1231,"Rate per 100,000 population","Rate per 100,000 population",,,,,
W06000001,Isle of Anglesey,Local Authority District,Apprenticeship starts (Wales),2017-08-01/P1Y,1218,"Rate per 100,000 population","Rate per 100,000 population",,,,,
W06000001,Isle of Anglesey,Local Authority District,Apprenticeship starts (Wales),2016-08-01/P1Y,1126,"Rate per 100,000 population","Rate per 100,000 population",,,,,
W06000001,Isle of Anglesey,Local Authority District,Apprenticeship starts (Wales),2015-08-01/P1Y,1141,"Rate per 100,000 population","Rate per 100,000 population",,,,,
W06000001,Isle of Anglesey,Local Authority District,Apprenticeship starts (Wales),2013-08-01/P1Y,1272,"Rate per 100,000 population","Rate per 100,000 population",,,,,
W06000001,Isle of Anglesey,Local Authority District,Apprenticeship starts (Wales),2012-08-01/P1Y,1294,"Rate per 100,000 population","Rate per 100,000 population",,,,,
W06000001,Isle of Anglesey,Local Authority District,Apprenticeship starts (Wales),2018-08-01/P1Y,1202,"Rate per 100,000 population","Rate per 100,000 population",,,,,
W06000002,Gwynedd,Local Authority District,Apprenticeship starts (Wales),2019-08-01/P1Y,716,"Rate per 100,000 population","Rate per 100,000 population",,,,,
W06000002,Gwynedd,Local Authority District,Apprenticeship starts (Wales),2024-08-01/P1Y,564,"Rate per 100,000 population","Rate per 100,000 population",,,,,
W06000002,Gwynedd,Local Authority District,Apprenticeship starts (Wales),2023-08-01/P1Y,746,"Rate per 100,000 population","Rate per 100,000 population",,,,,
W06000002,Gwynedd,Local Authority District,Apprenticeship starts (Wales),2022-08-01/P1Y,869,"Rate per 100,000 population","Rate per 100,000 population",,,,,
W06000002,Gwynedd,Local Authority District,Apprenticeship starts (Wales),2020-08-01/P1Y,807,"Rate per 100,000 population","Rate per 100,000 population",,,,,
W06000002,Gwynedd,Local Authority District,Apprenticeship starts (Wales),2018-08-01/P1Y,947,"Rate per 100,000 population","Rate per 100,000 population",,,,,
W06000002,Gwynedd,Local Authority District,Apprenticeship starts (Wales),2021-08-01/P1Y,706,"Rate per 100,000 population","Rate per 100,000 population",,,,,
W06000002,Gwynedd,Local Authority District,Apprenticeship starts (Wales),2016-08-01/P1Y,861,"Rate per 100,000 population","Rate per 100,000 population",,,,,
W06000002,Gwynedd,Local Authority District,Apprenticeship starts (Wales),2015-08-01/P1Y,892,"Rate per 100,000 population","Rate per 100,000 population",,,,,
W06000002,Gwynedd,Local Authority District,Apprenticeship starts (Wales),2017-08-01/P1Y,1124,"Rate per 100,000 population","Rate per 100,000 population",,,,,
W06000002,Gwynedd,Local Authority District,Apprenticeship starts (Wales),2014-08-01/P1Y,856,"Rate per 100,000 population","Rate per 100,000 population",,,,,
W06000002,Gwynedd,Local Authority District,Apprenticeship starts (Wales),2013-08-01/P1Y,993,"Rate per 100,000 population","Rate per 100,000 population",,,,,
W06000002,Gwynedd,Local Authority District,Apprenticeship starts (Wales),2012-08-01/P1Y,1060,"Rate per 100,000 population","Rate per 100,000 population",,,,,
W06000003,Conwy,Local Authority District,Apprenticeship starts (Wales),2023-08-01/P1Y,740,"Rate per 100,000 population","Rate per 100,000 population",,,,,
W06000003,Conwy,Local Authority District,Apprenticeship starts (Wales),2022-08-01/P1Y,796,"Rate per 100,000 population","Rate per 100,000 population",,,,,
W06000003,Conwy,Local Authority District,Apprenticeship starts (Wales),2021-08-01/P1Y,601,"Rate per 100,000 population","Rate per 100,000 population",,,,,
W06000003,Conwy,Local Authority District,Apprenticeship starts (Wales),2020-08-01/P1Y,655,"Rate per 100,000 population","Rate per 100,000 population",,,,,
W06000003,Conwy,Local Authority District,Apprenticeship starts (Wales),2019-08-01/P1Y,690,"Rate per 100,000 population","Rate per 100,000 population",,,,,
W06000003,Conwy,Local Authority District,Apprenticeship starts (Wales),2018-08-01/P1Y,982,"Rate per 100,000 population","Rate per 100,000 population",,,,,
W06000003,Conwy,Local Authority District,Apprenticeship starts (Wales),2024-08-01/P1Y,528,"Rate per 100,000 population","Rate per 100,000 population",,,,,
W06000003,Conwy,Local Authority District,Apprenticeship starts (Wales),2016-08-01/P1Y,920,"Rate per 100,000 population","Rate per 100,000 population",,,,,
W06000003,Conwy,Local Authority District,Apprenticeship starts (Wales),2015-08-01/P1Y,979,"Rate per 100,000 population","Rate per 100,000 population",,,,,
W06000003,Conwy,Local Authority District,Apprenticeship starts (Wales),2014-08-01/P1Y,775,"Rate per 100,000 population","Rate per 100,000 population",,,,,
W06000003,Conwy,Local Authority District,Apprenticeship starts (Wales),2013-08-01/P1Y,1141,"Rate per 100,000 population","Rate per 100,000 population",,,,,
W06000003,Conwy,Local Authority District,Apprenticeship starts (Wales),2012-08-01/P1Y,1162,"Rate per 100,000 population","Rate per 100,000 population",,,,,
W06000003,Conwy,Local Authority District,Apprenticeship starts (Wales),2017-08-01/P1Y,1165,"Rate per 100,000 population","Rate per 100,000 population",,,,,
W06000004,Denbighshire,Local Authority District,Apprenticeship starts (Wales),2024-08-01/P1Y,624,"Rate per 100,000 population","Rate per 100,000 population",,,,,
W06000004,Denbighshire,Local Authority District,Apprenticeship starts (Wales),2023-08-01/P1Y,729,"Rate per 100,000 population","Rate per 100,000 population",,,,,
W06000004,Denbighshire,Local Authority District,Apprenticeship starts (Wales),2022-08-01/P1Y,717,"Rate per 100,000 population","Rate per 100,000 population",,,,,
W06000004,Denbighshire,Local Authority District,Apprenticeship starts (Wales),2021-08-01/P1Y,600,"Rate per 100,000 population","Rate per 100,000 population",,,,,
W06000004,Denbighshire,Local Authority District,Apprenticeship starts (Wales),2020-08-01/P1Y,649,"Rate per 100,000 population","Rate per 100,000 population",,,,,
W06000004,Denbighshire,Local Authority District,Apprenticeship starts (Wales),2019-08-01/P1Y,617,"Rate per 100,000 population","Rate per 100,000 population",,,,,
W06000004,Denbighshire,Local Authority District,Apprenticeship starts (Wales),2018-08-01/P1Y,1006,"Rate per 100,000 population","Rate per 100,000 population",,,,,
W06000004,Denbighshire,Local Authority District,Apprenticeship starts (Wales),2016-08-01/P1Y,934,"Rate per 100,000 population","Rate per 100,000 population",,,,,
W06000004,Denbighshire,Local Authority District,Apprenticeship starts (Wales),2015-08-01/P1Y,915,"Rate per 100,000 population","Rate per 100,000 population",,,,,
W06000004,Denbighshire,Local Authority District,Apprenticeship starts (Wales),2014-08-01/P1Y,703,"Rate per 100,000 population","Rate per 100,000 population",,,,,
W06000004,Denbighshire,Local Authority District,Apprenticeship starts (Wales),2013-08-01/P1Y,1234,"Rate per 100,000 population","Rate per 100,000 population",,,,,
W06000004,Denbighshire,Local Authority District,Apprenticeship starts (Wales),2012-08-01/P1Y,1121,"Rate per 100,000 population","Rate per 100,000 population",,,,,
W06000004,Denbighshire,Local Authority District,Apprenticeship starts (Wales),2017-08-01/P1Y,1168,"Rate per 100,000 population","Rate per 100,000 population",,,,,
W06000005,Flintshire,Local Authority District,Apprenticeship starts (Wales),2019-08-01/P1Y,489,"Rate per 100,000 population","Rate per 100,000 population",,,,,
W06000005,Flintshire,Local Authority District,Apprenticeship starts (Wales),2024-08-01/P1Y,530,"Rate per 100,000 population","Rate per 100,000 population",,,,,
W06000005,Flintshire,Local Authority District,Apprenticeship starts (Wales),2023-08-01/P1Y,653,"Rate per 100,000 population","Rate per 100,000 population",,,,,
W06000005,Flintshire,Local Authority District,Apprenticeship starts (Wales),2022-08-01/P1Y,702,"Rate per 100,000 population","Rate per 100,000 population",,,,,
W06000005,Flintshire,Local Authority District,Apprenticeship starts (Wales),2020-08-01/P1Y,601,"Rate per 100,000 population","Rate per 100,000 population",,,,,
W06000005,Flintshire,Local Authority District,Apprenticeship starts (Wales),2018-08-01/P1Y,762,"Rate per 100,000 population","Rate per 100,000 population",,,,,
W06000005,Flintshire,Local Authority District,Apprenticeship starts (Wales),2021-08-01/P1Y,658,"Rate per 100,000 population","Rate per 100,000 population",,,,,
W06000005,Flintshire,Local Authority District,Apprenticeship starts (Wales),2016-08-01/P1Y,729,"Rate per 100,000 population","Rate per 100,000 population",,,,,
W06000005,Flintshire,Local Authority District,Apprenticeship starts (Wales),2012-08-01/P1Y,909,"Rate per 100,000 population","Rate per 100,000 population",,,,,
W06000005,Flintshire,Local Authority District,Apprenticeship starts (Wales),2013-08-01/P1Y,998,"Rate per 100,000 population","Rate per 100,000 population",,,,,
W06000005,Flintshire,Local Authority District,Apprenticeship starts (Wales),2017-08-01/P1Y,987,"Rate per 100,000 population","Rate per 100,000 population",,,,,
W06000005,Flintshire,Local Authority District,Apprenticeship starts (Wales),2015-08-01/P1Y,732,"Rate per 100,000 population","Rate per 100,000 population",,,,,
W06000005,Flintshire,Local Authority District,Apprenticeship starts (Wales),2014-08-01/P1Y,587,"Rate per 100,000 population","Rate per 100,000 population",,,,,
W06000006,Wrexham,Local Authority District,Apprenticeship starts (Wales),2024-08-01/P1Y,612,"Rate per 100,000 population","Rate per 100,000 population",,,,,
W06000006,Wrexham,Local Authority District,Apprenticeship starts (Wales),2023-08-01/P1Y,674,"Rate per 100,000 population","Rate per 100,000 population",,,,,
W06000006,Wrexham,Local Authority District,Apprenticeship starts (Wales),2022-08-01/P1Y,734,"Rate per 100,000 population","Rate per 100,000 population",,,,,
W06000006,Wrexham,Local Authority District,Apprenticeship starts (Wales),2021-08-01/P1Y,657,"Rate per 100,000 population","Rate per 100,000 population",,,,,
W06000006,Wrexham,Local Authority District,Apprenticeship starts (Wales),2019-08-01/P1Y,639,"Rate per 100,000 population","Rate per 100,000 population",,,,,
W06000006,Wrexham,Local Authority District,Apprenticeship starts (Wales),2018-08-01/P1Y,774,"Rate per 100,000 population","Rate per 100,000 population",,,,,
W06000006,Wrexham,Local Authority District,Apprenticeship starts (Wales),2020-08-01/P1Y,542,"Rate per 100,000 population","Rate per 100,000 population",,,,,
W06000006,Wrexham,Local Authority District,Apprenticeship starts (Wales),2016-08-01/P1Y,931,"Rate per 100,000 population","Rate per 100,000 population",,,,,
W06000006,Wrexham,Local Authority District,Apprenticeship starts (Wales),2015-08-01/P1Y,876,"Rate per 100,000 population","Rate per 100,000 population",,,,,
W06000006,Wrexham,Local Authority District,Apprenticeship starts (Wales),2014-08-01/P1Y,600,"Rate per 100,000 population","Rate per 100,000 population",,,,,
W06000006,Wrexham,Local Authority District,Apprenticeship starts (Wales),2013-08-01/P1Y,1079,"Rate per 100,000 population","Rate per 100,000 population",,,,,
W06000006,Wrexham,Local Authority District,Apprenticeship starts (Wales),2012-08-01/P1Y,962,"Rate per 100,000 population","Rate per 100,000 population",,,,,
W06000006,Wrexham,Local Authority District,Apprenticeship starts (Wales),2017-08-01/P1Y,1070,"Rate per 100,000 population","Rate per 100,000 population",,,,,
W06000023,Powys,Local Authority District,Apprenticeship starts (Wales),2020-08-01/P1Y,726,"Rate per 100,000 population","Rate per 100,000 population",,,,,
W06000023,Powys,Local Authority District,Apprenticeship starts (Wales),2024-08-01/P1Y,476,"Rate per 100,000 population","Rate per 100,000 population",,,,,
W06000023,Powys,Local Authority District,Apprenticeship starts (Wales),2023-08-01/P1Y,640,"Rate per 100,000 population","Rate per 100,000 population",,,,,
W06000023,Powys,Local Authority District,Apprenticeship starts (Wales),2022-08-01/P1Y,587,"Rate per 100,000 population","Rate per 100,000 population",,,,,
W06000023,Powys,Local Authority District,Apprenticeship starts (Wales),2021-08-01/P1Y,598,"Rate per 100,000 population","Rate per 100,000 population",,,,,
W06000023,Powys,Local Authority District,Apprenticeship starts (Wales),2019-08-01/P1Y,699,"Rate per 100,000 population","Rate per 100,000 population",,,,,
W06000023,Powys,Local Authority District,Apprenticeship starts (Wales),2013-08-01/P1Y,673,"Rate per 100,000 population","Rate per 100,000 population",,,,,
W06000023,Powys,Local Authority District,Apprenticeship starts (Wales),2017-08-01/P1Y,1023,"Rate per 100,000 population","Rate per 100,000 population",,,,,
W06000023,Powys,Local Authority District,Apprenticeship starts (Wales),2016-08-01/P1Y,799,"Rate per 100,000 population","Rate per 100,000 population",,,,,
W06000023,Powys,Local Authority District,Apprenticeship starts (Wales),2015-08-01/P1Y,651,"Rate per 100,000 population","Rate per 100,000 population",,,,,
W06000023,Powys,Local Authority District,Apprenticeship starts (Wales),2014-08-01/P1Y,595,"Rate per 100,000 population","Rate per 100,000 population",,,,,
W06000023,Powys,Local Authority District,Apprenticeship starts (Wales),2012-08-01/P1Y,867,"Rate per 100,000 population","Rate per 100,000 population",,,,,
W06000023,Powys,Local Authority District,Apprenticeship starts (Wales),2018-08-01/P1Y,751,"Rate per 100,000 population","Rate per 100,000 population",,,,,
W06000008,Ceredigion,Local Authority District,Apprenticeship starts (Wales),2019-08-01/P1Y,605,"Rate per 100,000 population","Rate per 100,000 population",,,,,
W06000008,Ceredigion,Local Authority District,Apprenticeship starts (Wales),2023-08-01/P1Y,502,"Rate per 100,000 population","Rate per 100,000 population",,,,,
W06000008,Ceredigion,Local Authority District,Apprenticeship starts (Wales),2022-08-01/P1Y,606,"Rate per 100,000 population","Rate per 100,000 population",,,,,
W06000008,Ceredigion,Local Authority District,Apprenticeship starts (Wales),2021-08-01/P1Y,635,"Rate per 100,000 population","Rate per 100,000 population",,,,,
W06000008,Ceredigion,Local Authority District,Apprenticeship starts (Wales),2020-08-01/P1Y,604,"Rate per 100,000 population","Rate per 100,000 population",,,,,
W06000008,Ceredigion,Local Authority District,Apprenticeship starts (Wales),2024-08-01/P1Y,534,"Rate per 100,000 population","Rate per 100,000 population",,,,,
W06000008,Ceredigion,Local Authority District,Apprenticeship starts (Wales),2018-08-01/P1Y,740,"Rate per 100,000 population","Rate per 100,000 population",,,,,
W06000008,Ceredigion,Local Authority District,Apprenticeship starts (Wales),2016-08-01/P1Y,627,"Rate per 100,000 population","Rate per 100,000 population",,,,,
W06000008,Ceredigion,Local Authority District,Apprenticeship starts (Wales),2015-08-01/P1Y,778,"Rate per 100,000 population","Rate per 100,000 population",,,,,
W06000008,Ceredigion,Local Authority District,Apprenticeship starts (Wales),2014-08-01/P1Y,708,"Rate per 100,000 population","Rate per 100,000 population",,,,,
W06000008,Ceredigion,Local Authority District,Apprenticeship starts (Wales),2013-08-01/P1Y,837,"Rate per 100,000 population","Rate per 100,000 population",,,,,
W06000008,Ceredigion,Local Authority District,Apprenticeship starts (Wales),2012-08-01/P1Y,944,"Rate per 100,000 population","Rate per 100,000 population",,,,,
W06000008,Ceredigion,Local Authority District,Apprenticeship starts (Wales),2017-08-01/P1Y,949,"Rate per 100,000 population","Rate per 100,000 population",,,,,
W06000009,Pembrokeshire,Local Authority District,Apprenticeship starts (Wales),2023-08-01/P1Y,876,"Rate per 100,000 population","Rate per 100,000 population",,,,,
W06000009,Pembrokeshire,Local Authority District,Apprenticeship starts (Wales),2022-08-01/P1Y,1008,"Rate per 100,000 population","Rate per 100,000 population",,,,,
W06000009,Pembrokeshire,Local Authority District,Apprenticeship starts (Wales),2021-08-01/P1Y,782,"Rate per 100,000 population","Rate per 100,000 population",,,,,
W06000009,Pembrokeshire,Local Authority District,Apprenticeship starts (Wales),2020-08-01/P1Y,826,"Rate per 100,000 population","Rate per 100,000 population",,,,,
W06000009,Pembrokeshire,Local Authority District,Apprenticeship starts (Wales),2019-08-01/P1Y,856,"Rate per 100,000 population","Rate per 100,000 population",,,,,
W06000009,Pembrokeshire,Local Authority District,Apprenticeship starts (Wales),2018-08-01/P1Y,1097,"Rate per 100,000 population","Rate per 100,000 population",,,,,
W06000009,Pembrokeshire,Local Authority District,Apprenticeship starts (Wales),2024-08-01/P1Y,665,"Rate per 100,000 population","Rate per 100,000 population",,,,,
W06000009,Pembrokeshire,Local Authority District,Apprenticeship starts (Wales),2016-08-01/P1Y,1075,"Rate per 100,000 population","Rate per 100,000 population",,,,,
W06000009,Pembrokeshire,Local Authority District,Apprenticeship starts (Wales),2015-08-01/P1Y,1138,"Rate per 100,000 population","Rate per 100,000 population",,,,,
W06000009,Pembrokeshire,Local Authority District,Apprenticeship starts (Wales),2014-08-01/P1Y,942,"Rate per 100,000 population","Rate per 100,000 population",,,,,
W06000009,Pembrokeshire,Local Authority District,Apprenticeship starts (Wales),2013-08-01/P1Y,1023,"Rate per 100,000 population","Rate per 100,000 population",,,,,
W06000009,Pembrokeshire,Local Authority District,Apprenticeship starts (Wales),2012-08-01/P1Y,1161,"Rate per 100,000 population","Rate per 100,000 population",,,,,
W06000009,Pembrokeshire,Local Authority District,Apprenticeship starts (Wales),2017-08-01/P1Y,1125,"Rate per 100,000 population","Rate per 100,000 population",,,,,
W06000010,Carmarthenshire,Local Authority District,Apprenticeship starts (Wales),2024-08-01/P1Y,709,"Rate per 100,000 population","Rate per 100,000 population",,,,,
W06000010,Carmarthenshire,Local Authority District,Apprenticeship starts (Wales),2023-08-01/P1Y,785,"Rate per 100,000 population","Rate per 100,000 population",,,,,
W06000010,Carmarthenshire,Local Authority District,Apprenticeship starts (Wales),2022-08-01/P1Y,871,"Rate per 100,000 population","Rate per 100,000 population",,,,,
W06000010,Carmarthenshire,Local Authority District,Apprenticeship starts (Wales),2021-08-01/P1Y,828,"Rate per 100,000 population","Rate per 100,000 population",,,,,
W06000010,Carmarthenshire,Local Authority District,Apprenticeship starts (Wales),2020-08-01/P1Y,798,"Rate per 100,000 population","Rate per 100,000 population",,,,,
W06000010,Carmarthenshire,Local Authority District,Apprenticeship starts (Wales),2019-08-01/P1Y,939,"Rate per 100,000 population","Rate per 100,000 population",,,,,
W06000010,Carmarthenshire,Local Authority District,Apprenticeship starts (Wales),2018-08-01/P1Y,992,"Rate per 100,000 population","Rate per 100,000 population",,,,,
W06000010,Carmarthenshire,Local Authority District,Apprenticeship starts (Wales),2016-08-01/P1Y,1044,"Rate per 100,000 population","Rate per 100,000 population",,,,,
W06000010,Carmarthenshire,Local Authority District,Apprenticeship starts (Wales),2015-08-01/P1Y,955,"Rate per 100,000 population","Rate per 100,000 population",,,,,
W06000010,Carmarthenshire,Local Authority District,Apprenticeship starts (Wales),2014-08-01/P1Y,869,"Rate per 100,000 population","Rate per 100,000 population",,,,,
W06000010,Carmarthenshire,Local Authority District,Apprenticeship starts (Wales),2013-08-01/P1Y,1098,"Rate per 100,000 population","Rate per 100,000 population",,,,,
W06000010,Carmarthenshire,Local Authority District,Apprenticeship starts (Wales),2012-08-01/P1Y,1061,"Rate per 100,000 population","Rate per 100,000 population",,,,,
W06000010,Carmarthenshire,Local Authority District,Apprenticeship starts (Wales),2017-08-01/P1Y,1299,"Rate per 100,000 population","Rate per 100,000 population",,,,,
W06000011,Swansea,Local Authority District,Apprenticeship starts (Wales),2020-08-01/P1Y,818,"Rate per 100,000 population","Rate per 100,000 population",,,,,
W06000011,Swansea,Local Authority District,Apprenticeship starts (Wales),2024-08-01/P1Y,861,"Rate per 100,000 population","Rate per 100,000 population",,,,,
W06000011,Swansea,Local Authority District,Apprenticeship starts (Wales),2023-08-01/P1Y,847,"Rate per 100,000 population","Rate per 100,000 population",,,,,
W06000011,Swansea,Local Authority District,Apprenticeship starts (Wales),2022-08-01/P1Y,954,"Rate per 100,000 population","Rate per 100,000 population",,,,,
W06000011,Swansea,Local Authority District,Apprenticeship starts (Wales),2021-08-01/P1Y,775,"Rate per 100,000 population","Rate per 100,000 population",,,,,
W06000011,Swansea,Local Authority District,Apprenticeship starts (Wales),2019-08-01/P1Y,876,"Rate per 100,000 population","Rate per 100,000 population",,,,,
W06000011,Swansea,Local Authority District,Apprenticeship starts (Wales),2018-08-01/P1Y,893,"Rate per 100,000 population","Rate per 100,000 population",,,,,
W06000011,Swansea,Local Authority District,Apprenticeship starts (Wales),2017-08-01/P1Y,1295,"Rate per 100,000 population","Rate per 100,000 population",,,,,
W06000011,Swansea,Local Authority District,Apprenticeship starts (Wales),2016-08-01/P1Y,868,"Rate per 100,000 population","Rate per 100,000 population",,,,,
W06000011,Swansea,Local Authority District,Apprenticeship starts (Wales),2015-08-01/P1Y,920,"Rate per 100,000 population","Rate per 100,000 population",,,,,
W06000011,Swansea,Local Authority District,Apprenticeship starts (Wales),2014-08-01/P1Y,736,"Rate per 100,000 population","Rate per 100,000 population",,,,,
W06000011,Swansea,Local Authority District,Apprenticeship starts (Wales),2013-08-01/P1Y,925,"Rate per 100,000 population","Rate per 100,000 population",,,,,
W06000011,Swansea,Local Authority District,Apprenticeship starts (Wales),2012-08-01/P1Y,926,"Rate per 100,000 population","Rate per 100,000 population",,,,,
W06000012,Neath Port Talbot,Local Authority District,Apprenticeship starts (Wales),2023-08-01/P1Y,1021,"Rate per 100,000 population","Rate per 100,000 population",,,,,
W06000012,Neath Port Talbot,Local Authority District,Apprenticeship starts (Wales),2022-08-01/P1Y,1112,"Rate per 100,000 population","Rate per 100,000 population",,,,,
W06000012,Neath Port Talbot,Local Authority District,Apprenticeship starts (Wales),2021-08-01/P1Y,975,"Rate per 100,000 population","Rate per 100,000 population",,,,,
W06000012,Neath Port Talbot,Local Authority District,Apprenticeship starts (Wales),2020-08-01/P1Y,961,"Rate per 100,000 population","Rate per 100,000 population",,,,,
W06000012,Neath Port Talbot,Local Authority District,Apprenticeship starts (Wales),2019-08-01/P1Y,1115,"Rate per 100,000 population","Rate per 100,000 population",,,,,
W06000012,Neath Port Talbot,Local Authority District,Apprenticeship starts (Wales),2018-08-01/P1Y,1252,"Rate per 100,000 population","Rate per 100,000 population",,,,,
W06000012,Neath Port Talbot,Local Authority District,Apprenticeship starts (Wales),2024-08-01/P1Y,964,"Rate per 100,000 population","Rate per 100,000 population",,,,,
W06000012,Neath Port Talbot,Local Authority District,Apprenticeship starts (Wales),2016-08-01/P1Y,1072,"Rate per 100,000 population","Rate per 100,000 population",,,,,
W06000012,Neath Port Talbot,Local Authority District,Apprenticeship starts (Wales),2015-08-01/P1Y,1113,"Rate per 100,000 population","Rate per 100,000 population",,,,,
W06000012,Neath Port Talbot,Local Authority District,Apprenticeship starts (Wales),2014-08-01/P1Y,901,"Rate per 100,000 population","Rate per 100,000 population",,,,,
W06000012,Neath Port Talbot,Local Authority District,Apprenticeship starts (Wales),2013-08-01/P1Y,1068,"Rate per 100,000 population","Rate per 100,000 population",,,,,
W06000012,Neath Port Talbot,Local Authority District,Apprenticeship starts (Wales),2012-08-01/P1Y,960,"Rate per 100,000 population","Rate per 100,000 population",,,,,
W06000012,Neath Port Talbot,Local Authority District,Apprenticeship starts (Wales),2017-08-01/P1Y,1602,"Rate per 100,000 population","Rate per 100,000 population",,,,,
W06000013,Bridgend,Local Authority District,Apprenticeship starts (Wales),2024-08-01/P1Y,797,"Rate per 100,000 population","Rate per 100,000 population",,,,,
W06000013,Bridgend,Local Authority District,Apprenticeship starts (Wales),2023-08-01/P1Y,896,"Rate per 100,000 population","Rate per 100,000 population",,,,,
W06000013,Bridgend,Local Authority District,Apprenticeship starts (Wales),2022-08-01/P1Y,1010,"Rate per 100,000 population","Rate per 100,000 population",,,,,
W06000013,Bridgend,Local Authority District,Apprenticeship starts (Wales),2021-08-01/P1Y,835,"Rate per 100,000 population","Rate per 100,000 population",,,,,
W06000013,Bridgend,Local Authority District,Apprenticeship starts (Wales),2020-08-01/P1Y,951,"Rate per 100,000 population","Rate per 100,000 population",,,,,
W06000013,Bridgend,Local Authority District,Apprenticeship starts (Wales),2019-08-01/P1Y,1108,"Rate per 100,000 population","Rate per 100,000 population",,,,,
W06000013,Bridgend,Local Authority District,Apprenticeship starts (Wales),2018-08-01/P1Y,1069,"Rate per 100,000 population","Rate per 100,000 population",,,,,
W06000013,Bridgend,Local Authority District,Apprenticeship starts (Wales),2016-08-01/P1Y,1022,"Rate per 100,000 population","Rate per 100,000 population",,,,,
W06000013,Bridgend,Local Authority District,Apprenticeship starts (Wales),2015-08-01/P1Y,911,"Rate per 100,000 population","Rate per 100,000 population",,,,,
W06000013,Bridgend,Local Authority District,Apprenticeship starts (Wales),2014-08-01/P1Y,713,"Rate per 100,000 population","Rate per 100,000 population",,,,,
W06000013,Bridgend,Local Authority District,Apprenticeship starts (Wales),2013-08-01/P1Y,1070,"Rate per 100,000 population","Rate per 100,000 population",,,,,
W06000013,Bridgend,Local Authority District,Apprenticeship starts (Wales),2012-08-01/P1Y,1145,"Rate per 100,000 population","Rate per 100,000 population",,,,,
W06000013,Bridgend,Local Authority District,Apprenticeship starts (Wales),2017-08-01/P1Y,1377,"Rate per 100,000 population","Rate per 100,000 population",,,,,
W06000014,Vale of Glamorgan,Local Authority District,Apprenticeship starts (Wales),2020-08-01/P1Y,702,"Rate per 100,000 population","Rate per 100,000 population",,,,,
W06000014,Vale of Glamorgan,Local Authority District,Apprenticeship starts (Wales),2024-08-01/P1Y,672,"Rate per 100,000 population","Rate per 100,000 population",,,,,
W06000014,Vale of Glamorgan,Local Authority District,Apprenticeship starts (Wales),2023-08-01/P1Y,760,"Rate per 100,000 population","Rate per 100,000 population",,,,,
W06000014,Vale of Glamorgan,Local Authority District,Apprenticeship starts (Wales),2022-08-01/P1Y,759,"Rate per 100,000 population","Rate per 100,000 population",,,,,
W06000014,Vale of Glamorgan,Local Authority District,Apprenticeship starts (Wales),2021-08-01/P1Y,764,"Rate per 100,000 population","Rate per 100,000 population",,,,,
W06000014,Vale of Glamorgan,Local Authority District,Apprenticeship starts (Wales),2019-08-01/P1Y,895,"Rate per 100,000 population","Rate per 100,000 population",,,,,
W06000014,Vale of Glamorgan,Local Authority District,Apprenticeship starts (Wales),2018-08-01/P1Y,872,"Rate per 100,000 population","Rate per 100,000 population",,,,,
W06000014,Vale of Glamorgan,Local Authority District,Apprenticeship starts (Wales),2017-08-01/P1Y,1188,"Rate per 100,000 population","Rate per 100,000 population",,,,,
W06000014,Vale of Glamorgan,Local Authority District,Apprenticeship starts (Wales),2016-08-01/P1Y,890,"Rate per 100,000 population","Rate per 100,000 population",,,,,
W06000014,Vale of Glamorgan,Local Authority District,Apprenticeship starts (Wales),2015-08-01/P1Y,837,"Rate per 100,000 population","Rate per 100,000 population",,,,,
W06000014,Vale of Glamorgan,Local Authority District,Apprenticeship starts (Wales),2014-08-01/P1Y,611,"Rate per 100,000 population","Rate per 100,000 population",,,,,
W06000014,Vale of Glamorgan,Local Authority District,Apprenticeship starts (Wales),2013-08-01/P1Y,1022,"Rate per 100,000 population","Rate per 100,000 population",,,,,
W06000014,Vale of Glamorgan,Local Authority District,Apprenticeship starts (Wales),2012-08-01/P1Y,986,"Rate per 100,000 population","Rate per 100,000 population",,,,,
W06000015,Cardiff,Local Authority District,Apprenticeship starts (Wales),2023-08-01/P1Y,792,"Rate per 100,000 population","Rate per 100,000 population",,,,,
W06000015,Cardiff,Local Authority District,Apprenticeship starts (Wales),2022-08-01/P1Y,812,"Rate per 100,000 population","Rate per 100,000 population",,,,,
W06000015,Cardiff,Local Authority District,Apprenticeship starts (Wales),2021-08-01/P1Y,631,"Rate per 100,000 population","Rate per 100,000 population",,,,,
W06000015,Cardiff,Local Authority District,Apprenticeship starts (Wales),2020-08-01/P1Y,699,"Rate per 100,000 population","Rate per 100,000 population",,,,,
W06000015,Cardiff,Local Authority District,Apprenticeship starts (Wales),2019-08-01/P1Y,762,"Rate per 100,000 population","Rate per 100,000 population",,,,,
W06000015,Cardiff,Local Authority District,Apprenticeship starts (Wales),2018-08-01/P1Y,863,"Rate per 100,000 population","Rate per 100,000 population",,,,,
W06000015,Cardiff,Local Authority District,Apprenticeship starts (Wales),2024-08-01/P1Y,696,"Rate per 100,000 population","Rate per 100,000 population",,,,,
W06000015,Cardiff,Local Authority District,Apprenticeship starts (Wales),2016-08-01/P1Y,760,"Rate per 100,000 population","Rate per 100,000 population",,,,,
W06000015,Cardiff,Local Authority District,Apprenticeship starts (Wales),2015-08-01/P1Y,764,"Rate per 100,000 population","Rate per 100,000 population",,,,,
W06000015,Cardiff,Local Authority District,Apprenticeship starts (Wales),2014-08-01/P1Y,591,"Rate per 100,000 population","Rate per 100,000 population",,,,,
W06000015,Cardiff,Local Authority District,Apprenticeship starts (Wales),2013-08-01/P1Y,932,"Rate per 100,000 population","Rate per 100,000 population",,,,,
W06000015,Cardiff,Local Authority District,Apprenticeship starts (Wales),2012-08-01/P1Y,1047,"Rate per 100,000 population","Rate per 100,000 population",,,,,
W06000015,Cardiff,Local Authority District,Apprenticeship starts (Wales),2017-08-01/P1Y,1056,"Rate per 100,000 population","Rate per 100,000 population",,,,,
W06000016,Rhondda Cynon Taf,Local Authority District,Apprenticeship starts (Wales),2024-08-01/P1Y,827,"Rate per 100,000 population","Rate per 100,000 population",,,,,
W06000016,Rhondda Cynon Taf,Local Authority District,Apprenticeship starts (Wales),2023-08-01/P1Y,903,"Rate per 100,000 population","Rate per 100,000 population",,,,,
W06000016,Rhondda Cynon Taf,Local Authority District,Apprenticeship starts (Wales),2022-08-01/P1Y,1006,"Rate per 100,000 population","Rate per 100,000 population",,,,,
W06000016,Rhondda Cynon Taf,Local Authority District,Apprenticeship starts (Wales),2021-08-01/P1Y,916,"Rate per 100,000 population","Rate per 100,000 population",,,,,
W06000016,Rhondda Cynon Taf,Local Authority District,Apprenticeship starts (Wales),2020-08-01/P1Y,1002,"Rate per 100,000 population","Rate per 100,000 population",,,,,
W06000016,Rhondda Cynon Taf,Local Authority District,Apprenticeship starts (Wales),2019-08-01/P1Y,1059,"Rate per 100,000 population","Rate per 100,000 population",,,,,
W06000016,Rhondda Cynon Taf,Local Authority District,Apprenticeship starts (Wales),2018-08-01/P1Y,1218,"Rate per 100,000 population","Rate per 100,000 population",,,,,
W06000016,Rhondda Cynon Taf,Local Authority District,Apprenticeship starts (Wales),2016-08-01/P1Y,1106,"Rate per 100,000 population","Rate per 100,000 population",,,,,
W06000016,Rhondda Cynon Taf,Local Authority District,Apprenticeship starts (Wales),2015-08-01/P1Y,998,"Rate per 100,000 population","Rate per 100,000 population",,,,,
W06000016,Rhondda Cynon Taf,Local Authority District,Apprenticeship starts (Wales),2014-08-01/P1Y,792,"Rate per 100,000 population","Rate per 100,000 population",,,,,
W06000016,Rhondda Cynon Taf,Local Authority District,Apprenticeship starts (Wales),2013-08-01/P1Y,1131,"Rate per 100,000 population","Rate per 100,000 population",,,,,
W06000016,Rhondda Cynon Taf,Local Authority District,Apprenticeship starts (Wales),2012-08-01/P1Y,1118,"Rate per 100,000 population","Rate per 100,000 population",,,,,
W06000016,Rhondda Cynon Taf,Local Authority District,Apprenticeship starts (Wales),2017-08-01/P1Y,1316,"Rate per 100,000 population","Rate per 100,000 population",,,,,
W06000024,Merthyr Tydfil,Local Authority District,Apprenticeship starts (Wales),2020-08-01/P1Y,1022,"Rate per 100,000 population","Rate per 100,000 population",,,,,
W06000024,Merthyr Tydfil,Local Authority District,Apprenticeship starts (Wales),2024-08-01/P1Y,786,"Rate per 100,000 population","Rate per 100,000 population",,,,,
W06000024,Merthyr Tydfil,Local Authority District,Apprenticeship starts (Wales),2023-08-01/P1Y,934,"Rate per 100,000 population","Rate per 100,000 population",,,,,
W06000024,Merthyr Tydfil,Local Authority District,Apprenticeship starts (Wales),2022-08-01/P1Y,922,"Rate per 100,000 population","Rate per 100,000 population",,,,,
W06000024,Merthyr Tydfil,Local Authority District,Apprenticeship starts (Wales),2021-08-01/P1Y,1037,"Rate per 100,000 population","Rate per 100,000 population",,,,,
W06000024,Merthyr Tydfil,Local Authority District,Apprenticeship starts (Wales),2019-08-01/P1Y,969,"Rate per 100,000 population","Rate per 100,000 population",,,,,
W06000024,Merthyr Tydfil,Local Authority District,Apprenticeship starts (Wales),2015-08-01/P1Y,1054,"Rate per 100,000 population","Rate per 100,000 population",,,,,
W06000024,Merthyr Tydfil,Local Authority District,Apprenticeship starts (Wales),2017-08-01/P1Y,1163,"Rate per 100,000 population","Rate per 100,000 population",,,,,
W06000024,Merthyr Tydfil,Local Authority District,Apprenticeship starts (Wales),2016-08-01/P1Y,945,"Rate per 100,000 population","Rate per 100,000 population",,,,,
W06000024,Merthyr Tydfil,Local Authority District,Apprenticeship starts (Wales),2018-08-01/P1Y,1010,"Rate per 100,000 population","Rate per 100,000 population",,,,,
W06000024,Merthyr Tydfil,Local Authority District,Apprenticeship starts (Wales),2014-08-01/P1Y,866,"Rate per 100,000 population","Rate per 100,000 population",,,,,
W06000024,Merthyr Tydfil,Local Authority District,Apprenticeship starts (Wales),2013-08-01/P1Y,1401,"Rate per 100,000 population","Rate per 100,000 population",,,,,
W06000024,Merthyr Tydfil,Local Authority District,Apprenticeship starts (Wales),2012-08-01/P1Y,1128,"Rate per 100,000 population","Rate per 100,000 population",,,,,
W06000018,Caerphilly,Local Authority District,Apprenticeship starts (Wales),2023-08-01/P1Y,936,"Rate per 100,000 population","Rate per 100,000 population",,,,,
W06000018,Caerphilly,Local Authority District,Apprenticeship starts (Wales),2022-08-01/P1Y,966,"Rate per 100,000 population","Rate per 100,000 population",,,,,
W06000018,Caerphilly,Local Authority District,Apprenticeship starts (Wales),2021-08-01/P1Y,957,"Rate per 100,000 population","Rate per 100,000 population",,,,,
W06000018,Caerphilly,Local Authority District,Apprenticeship starts (Wales),2020-08-01/P1Y,944,"Rate per 100,000 population","Rate per 100,000 population",,,,,
W06000018,Caerphilly,Local Authority District,Apprenticeship starts (Wales),2019-08-01/P1Y,1125,"Rate per 100,000 population","Rate per 100,000 population",,,,,
W06000018,Caerphilly,Local Authority District,Apprenticeship starts (Wales),2018-08-01/P1Y,1262,"Rate per 100,000 population","Rate per 100,000 population",,,,,
W06000018,Caerphilly,Local Authority District,Apprenticeship starts (Wales),2024-08-01/P1Y,798,"Rate per 100,000 population","Rate per 100,000 population",,,,,
W06000018,Caerphilly,Local Authority District,Apprenticeship starts (Wales),2016-08-01/P1Y,1133,"Rate per 100,000 population","Rate per 100,000 population",,,,,
W06000018,Caerphilly,Local Authority District,Apprenticeship starts (Wales),2015-08-01/P1Y,1094,"Rate per 100,000 population","Rate per 100,000 population",,,,,
W06000018,Caerphilly,Local Authority District,Apprenticeship starts (Wales),2014-08-01/P1Y,954,"Rate per 100,000 population","Rate per 100,000 population",,,,,
W06000018,Caerphilly,Local Authority District,Apprenticeship starts (Wales),2013-08-01/P1Y,1272,"Rate per 100,000 population","Rate per 100,000 population",,,,,
W06000018,Caerphilly,Local Authority District,Apprenticeship starts (Wales),2012-08-01/P1Y,1330,"Rate per 100,000 population","Rate per 100,000 population",,,,,
W06000018,Caerphilly,Local Authority District,Apprenticeship starts (Wales),2017-08-01/P1Y,1326,"Rate per 100,000 population","Rate per 100,000 population",,,,,
W06000019,Blaenau Gwent,Local Authority District,Apprenticeship starts (Wales),2024-08-01/P1Y,886,"Rate per 100,000 population","Rate per 100,000 population",,,,,
W06000019,Blaenau Gwent,Local Authority District,Apprenticeship starts (Wales),2023-08-01/P1Y,1034,"Rate per 100,000 population","Rate per 100,000 population",,,,,
W06000019,Blaenau Gwent,Local Authority District,Apprenticeship starts (Wales),2022-08-01/P1Y,1050,"Rate per 100,000 population","Rate per 100,000 population",,,,,
W06000019,Blaenau Gwent,Local Authority District,Apprenticeship starts (Wales),2021-08-01/P1Y,1031,"Rate per 100,000 population","Rate per 100,000 population",,,,,
W06000019,Blaenau Gwent,Local Authority District,Apprenticeship starts (Wales),2020-08-01/P1Y,1091,"Rate per 100,000 population","Rate per 100,000 population",,,,,
W06000019,Blaenau Gwent,Local Authority District,Apprenticeship starts (Wales),2019-08-01/P1Y,1332,"Rate per 100,000 population","Rate per 100,000 population",,,,,
W06000019,Blaenau Gwent,Local Authority District,Apprenticeship starts (Wales),2018-08-01/P1Y,1480,"Rate per 100,000 population","Rate per 100,000 population",,,,,
W06000019,Blaenau Gwent,Local Authority District,Apprenticeship starts (Wales),2016-08-01/P1Y,1225,"Rate per 100,000 population","Rate per 100,000 population",,,,,
W06000019,Blaenau Gwent,Local Authority District,Apprenticeship starts (Wales),2015-08-01/P1Y,1116,"Rate per 100,000 population","Rate per 100,000 population",,,,,
W06000019,Blaenau Gwent,Local Authority District,Apprenticeship starts (Wales),2014-08-01/P1Y,856,"Rate per 100,000 population","Rate per 100,000 population",,,,,
W06000019,Blaenau Gwent,Local Authority District,Apprenticeship starts (Wales),2013-08-01/P1Y,1300,"Rate per 100,000 population","Rate per 100,000 population",,,,,
W06000019,Blaenau Gwent,Local Authority District,Apprenticeship starts (Wales),2012-08-01/P1Y,1502,"Rate per 100,000 population","Rate per 100,000 population",,,,,
W06000019,Blaenau Gwent,Local Authority District,Apprenticeship starts (Wales),2017-08-01/P1Y,1558,"Rate per 100,000 population","Rate per 100,000 population",,,,,
W06000020,Torfaen,Local Authority District,Apprenticeship starts (Wales),2020-08-01/P1Y,992,"Rate per 100,000 population","Rate per 100,000 population",,,,,
W06000020,Torfaen,Local Authority District,Apprenticeship starts (Wales),2023-08-01/P1Y,975,"Rate per 100,000 population","Rate per 100,000 population",,,,,
W06000020,Torfaen,Local Authority District,Apprenticeship starts (Wales),2022-08-01/P1Y,956,"Rate per 100,000 population","Rate per 100,000 population",,,,,
W06000020,Torfaen,Local Authority District,Apprenticeship starts (Wales),2021-08-01/P1Y,969,"Rate per 100,000 population","Rate per 100,000 population",,,,,
W06000020,Torfaen,Local Authority District,Apprenticeship starts (Wales),2024-08-01/P1Y,813,"Rate per 100,000 population","Rate per 100,000 population",,,,,
W06000020,Torfaen,Local Authority District,Apprenticeship starts (Wales),2019-08-01/P1Y,1208,"Rate per 100,000 population","Rate per 100,000 population",,,,,
W06000020,Torfaen,Local Authority District,Apprenticeship starts (Wales),2015-08-01/P1Y,1363,"Rate per 100,000 population","Rate per 100,000 population",,,,,
W06000020,Torfaen,Local Authority District,Apprenticeship starts (Wales),2017-08-01/P1Y,1530,"Rate per 100,000 population","Rate per 100,000 population",,,,,
W06000020,Torfaen,Local Authority District,Apprenticeship starts (Wales),2016-08-01/P1Y,1304,"Rate per 100,000 population","Rate per 100,000 population",,,,,
W06000020,Torfaen,Local Authority District,Apprenticeship starts (Wales),2014-08-01/P1Y,966,"Rate per 100,000 population","Rate per 100,000 population",,,,,
W06000020,Torfaen,Local Authority District,Apprenticeship starts (Wales),2013-08-01/P1Y,1400,"Rate per 100,000 population","Rate per 100,000 population",,,,,
W06000020,Torfaen,Local Authority District,Apprenticeship starts (Wales),2012-08-01/P1Y,1634,"Rate per 100,000 population","Rate per 100,000 population",,,,,
W06000020,Torfaen,Local Authority District,Apprenticeship starts (Wales),2018-08-01/P1Y,1402,"Rate per 100,000 population","Rate per 100,000 population",,,,,
W06000021,Monmouthshire,Local Authority District,Apprenticeship starts (Wales),2024-08-01/P1Y,392,"Rate per 100,000 population","Rate per 100,000 population",,,,,
W06000021,Monmouthshire,Local Authority District,Apprenticeship starts (Wales),2023-08-01/P1Y,469,"Rate per 100,000 population","Rate per 100,000 population",,,,,
W06000021,Monmouthshire,Local Authority District,Apprenticeship starts (Wales),2022-08-01/P1Y,487,"Rate per 100,000 population","Rate per 100,000 population",,,,,
W06000021,Monmouthshire,Local Authority District,Apprenticeship starts (Wales),2020-08-01/P1Y,618,"Rate per 100,000 population","Rate per 100,000 population",,,,,
W06000021,Monmouthshire,Local Authority District,Apprenticeship starts (Wales),2019-08-01/P1Y,592,"Rate per 100,000 population","Rate per 100,000 population",,,,,
W06000021,Monmouthshire,Local Authority District,Apprenticeship starts (Wales),2018-08-01/P1Y,768,"Rate per 100,000 population","Rate per 100,000 population",,,,,
W06000021,Monmouthshire,Local Authority District,Apprenticeship starts (Wales),2021-08-01/P1Y,535,"Rate per 100,000 population","Rate per 100,000 population",,,,,
W06000021,Monmouthshire,Local Authority District,Apprenticeship starts (Wales),2016-08-01/P1Y,651,"Rate per 100,000 population","Rate per 100,000 population",,,,,
W06000021,Monmouthshire,Local Authority District,Apprenticeship starts (Wales),2015-08-01/P1Y,712,"Rate per 100,000 population","Rate per 100,000 population",,,,,
W06000021,Monmouthshire,Local Authority District,Apprenticeship starts (Wales),2014-08-01/P1Y,609,"Rate per 100,000 population","Rate per 100,000 population",,,,,
W06000021,Monmouthshire,Local Authority District,Apprenticeship starts (Wales),2013-08-01/P1Y,900,"Rate per 100,000 population","Rate per 100,000 population",,,,,
W06000021,Monmouthshire,Local Authority District,Apprenticeship starts (Wales),2012-08-01/P1Y,880,"Rate per 100,000 population","Rate per 100,000 population",,,,,
W06000021,Monmouthshire,Local Authority District,Apprenticeship starts (Wales),2017-08-01/P1Y,841,"Rate per 100,000 population","Rate per 100,000 population",,,,,
W06000022,Newport,Local Authority District,Apprenticeship starts (Wales),2022-08-01/P1Y,921,"Rate per 100,000 population","Rate per 100,000 population",,,,,
W06000022,Newport,Local Authority District,Apprenticeship starts (Wales),2021-08-01/P1Y,710,"Rate per 100,000 population","Rate per 100,000 population",,,,,
W06000022,Newport,Local Authority District,Apprenticeship starts (Wales),2020-08-01/P1Y,732,"Rate per 100,000 population","Rate per 100,000 population",,,,,
W06000022,Newport,Local Authority District,Apprenticeship starts (Wales),2019-08-01/P1Y,945,"Rate per 100,000 population","Rate per 100,000 population",,,,,
W06000022,Newport,Local Authority District,Apprenticeship starts (Wales),2018-08-01/P1Y,1039,"Rate per 100,000 population","Rate per 100,000 population",,,,,
W06000022,Newport,Local Authority District,Apprenticeship starts (Wales),2015-08-01/P1Y,919,"Rate per 100,000 population","Rate per 100,000 population",,,,,
W06000022,Newport,Local Authority District,Apprenticeship starts (Wales),2016-08-01/P1Y,949,"Rate per 100,000 population","Rate per 100,000 population",,,,,
W06000022,Newport,Local Authority District,Apprenticeship starts (Wales),2014-08-01/P1Y,628,"Rate per 100,000 population","Rate per 100,000 population",,,,,
W06000022,Newport,Local Authority District,Apprenticeship starts (Wales),2013-08-01/P1Y,1042,"Rate per 100,000 population","Rate per 100,000 population",,,,,
W06000022,Newport,Local Authority District,Apprenticeship starts (Wales),2012-08-01/P1Y,1108,"Rate per 100,000 population","Rate per 100,000 population",,,,,
W06000022,Newport,Local Authority District,Apprenticeship starts (Wales),2023-08-01/P1Y,832,"Rate per 100,000 population","Rate per 100,000 population",,,,,
W06000022,Newport,Local Authority District,Apprenticeship starts (Wales),2017-08-01/P1Y,1192,"Rate per 100,000 population","Rate per 100,000 population",,,,,
W06000022,Newport,Local Authority District,Apprenticeship starts (Wales),2024-08-01/P1Y,684,"Rate per 100,000 population","Rate per 100,000 population",,,,,
W92000004,Wales,Nation,Apprenticeship achievements (Wales),2016-08-01/P1Y,554,"Rate per 100,000 population","Rate per 100,000 population",,,,,
W92000004,Wales,Nation,Apprenticeship achievements (Wales),2017-08-01/P1Y,702,"Rate per 100,000 population","Rate per 100,000 population",,,,,
W92000004,Wales,Nation,Apprenticeship achievements (Wales),2018-08-01/P1Y,773,"Rate per 100,000 population","Rate per 100,000 population",,,,,
W92000004,Wales,Nation,Apprenticeship achievements (Wales),2021-08-01/P1Y,430,"Rate per 100,000 population","Rate per 100,000 population",,,,,
W92000004,Wales,Nation,Apprenticeship achievements (Wales),2022-08-01/P1Y,473,"Rate per 100,000 population","Rate per 100,000 population",,,,,
W92000004,Wales,Nation,Apprenticeship achievements (Wales),2023-08-01/P1Y,488,"Rate per 100,000 population","Rate per 100,000 population",,,,,
W92000004,Wales,Nation,Apprenticeship achievements (Wales),2024-08-01/P1Y,519,"Rate per 100,000 population","Rate per 100,000 population",,,,,
W06000001,Isle of Anglesey,Local Authority District,Apprenticeship achievements (Wales),2024-08-01/P1Y,531,"Rate per 100,000 population","Rate per 100,000 population",,,,,
W06000001,Isle of Anglesey,Local Authority District,Apprenticeship achievements (Wales),2023-08-01/P1Y,434,"Rate per 100,000 population","Rate per 100,000 population",,,,,
W06000001,Isle of Anglesey,Local Authority District,Apprenticeship achievements (Wales),2022-08-01/P1Y,584,"Rate per 100,000 population","Rate per 100,000 population",,,,,
W06000001,Isle of Anglesey,Local Authority District,Apprenticeship achievements (Wales),2017-08-01/P1Y,945,"Rate per 100,000 population","Rate per 100,000 population",,,,,
W06000001,Isle of Anglesey,Local Authority District,Apprenticeship achievements (Wales),2018-08-01/P1Y,743,"Rate per 100,000 population","Rate per 100,000 population",,,,,
W06000001,Isle of Anglesey,Local Authority District,Apprenticeship achievements (Wales),2016-08-01/P1Y,730,"Rate per 100,000 population","Rate per 100,000 population",,,,,
W06000001,Isle of Anglesey,Local Authority District,Apprenticeship achievements (Wales),2021-08-01/P1Y,489,"Rate per 100,000 population","Rate per 100,000 population",,,,,
W06000002,Gwynedd,Local Authority District,Apprenticeship achievements (Wales),2023-08-01/P1Y,509,"Rate per 100,000 population","Rate per 100,000 population",,,,,
W06000002,Gwynedd,Local Authority District,Apprenticeship achievements (Wales),2024-08-01/P1Y,461,"Rate per 100,000 population","Rate per 100,000 population",,,,,
W06000002,Gwynedd,Local Authority District,Apprenticeship achievements (Wales),2021-08-01/P1Y,430,"Rate per 100,000 population","Rate per 100,000 population",,,,,
W06000002,Gwynedd,Local Authority District,Apprenticeship achievements (Wales),2022-08-01/P1Y,531,"Rate per 100,000 population","Rate per 100,000 population",,,,,
W06000002,Gwynedd,Local Authority District,Apprenticeship achievements (Wales),2017-08-01/P1Y,688,"Rate per 100,000 population","Rate per 100,000 population",,,,,
W06000002,Gwynedd,Local Authority District,Apprenticeship achievements (Wales),2016-08-01/P1Y,588,"Rate per 100,000 population","Rate per 100,000 population",,,,,
W06000002,Gwynedd,Local Authority District,Apprenticeship achievements (Wales),2018-08-01/P1Y,733,"Rate per 100,000 population","Rate per 100,000 population",,,,,
W06000003,Conwy,Local Authority District,Apprenticeship achievements (Wales),2024-08-01/P1Y,424,"Rate per 100,000 population","Rate per 100,000 population",,,,,
W06000003,Conwy,Local Authority District,Apprenticeship achievements (Wales),2022-08-01/P1Y,385,"Rate per 100,000 population","Rate per 100,000 population",,,,,
W06000003,Conwy,Local Authority District,Apprenticeship achievements (Wales),2021-08-01/P1Y,373,"Rate per 100,000 population","Rate per 100,000 population",,,,,
W06000003,Conwy,Local Authority District,Apprenticeship achievements (Wales),2023-08-01/P1Y,430,"Rate per 100,000 population","Rate per 100,000 population",,,,,
W06000003,Conwy,Local Authority District,Apprenticeship achievements (Wales),2017-08-01/P1Y,692,"Rate per 100,000 population","Rate per 100,000 population",,,,,
W06000003,Conwy,Local Authority District,Apprenticeship achievements (Wales),2016-08-01/P1Y,584,"Rate per 100,000 population","Rate per 100,000 population",,,,,
W06000003,Conwy,Local Authority District,Apprenticeship achievements (Wales),2018-08-01/P1Y,716,"Rate per 100,000 population","Rate per 100,000 population",,,,,
W06000004,Denbighshire,Local Authority District,Apprenticeship achievements (Wales),2023-08-01/P1Y,386,"Rate per 100,000 population","Rate per 100,000 population",,,,,
W06000004,Denbighshire,Local Authority District,Apprenticeship achievements (Wales),2016-08-01/P1Y,612,"Rate per 100,000 population","Rate per 100,000 population",,,,,
W06000004,Denbighshire,Local Authority District,Apprenticeship achievements (Wales),2017-08-01/P1Y,761,"Rate per 100,000 population","Rate per 100,000 population",,,,,
W06000004,Denbighshire,Local Authority District,Apprenticeship achievements (Wales),2018-08-01/P1Y,658,"Rate per 100,000 population","Rate per 100,000 population",,,,,
W06000004,Denbighshire,Local Authority District,Apprenticeship achievements (Wales),2021-08-01/P1Y,348,"Rate per 100,000 population","Rate per 100,000 population",,,,,
W06000004,Denbighshire,Local Authority District,Apprenticeship achievements (Wales),2022-08-01/P1Y,390,"Rate per 100,000 population","Rate per 100,000 population",,,,,
W06000004,Denbighshire,Local Authority District,Apprenticeship achievements (Wales),2024-08-01/P1Y,414,"Rate per 100,000 population","Rate per 100,000 population",,,,,
W06000005,Flintshire,Local Authority District,Apprenticeship achievements (Wales),2023-08-01/P1Y,412,"Rate per 100,000 population","Rate per 100,000 population",,,,,
W06000005,Flintshire,Local Authority District,Apprenticeship achievements (Wales),2024-08-01/P1Y,445,"Rate per 100,000 population","Rate per 100,000 population",,,,,
W06000005,Flintshire,Local Authority District,Apprenticeship achievements (Wales),2021-08-01/P1Y,344,"Rate per 100,000 population","Rate per 100,000 population",,,,,
W06000005,Flintshire,Local Authority District,Apprenticeship achievements (Wales),2022-08-01/P1Y,457,"Rate per 100,000 population","Rate per 100,000 population",,,,,
W06000005,Flintshire,Local Authority District,Apprenticeship achievements (Wales),2018-08-01/P1Y,616,"Rate per 100,000 population","Rate per 100,000 population",,,,,
W06000005,Flintshire,Local Authority District,Apprenticeship achievements (Wales),2017-08-01/P1Y,592,"Rate per 100,000 population","Rate per 100,000 population",,,,,
W06000005,Flintshire,Local Authority District,Apprenticeship achievements (Wales),2016-08-01/P1Y,563,"Rate per 100,000 population","Rate per 100,000 population",,,,,
W06000006,Wrexham,Local Authority District,Apprenticeship achievements (Wales),2016-08-01/P1Y,571,"Rate per 100,000 population","Rate per 100,000 population",,,,,
W06000006,Wrexham,Local Authority District,Apprenticeship achievements (Wales),2017-08-01/P1Y,769,"Rate per 100,000 population","Rate per 100,000 population",,,,,
W06000006,Wrexham,Local Authority District,Apprenticeship achievements (Wales),2018-08-01/P1Y,706,"Rate per 100,000 population","Rate per 100,000 population",,,,,
W06000006,Wrexham,Local Authority District,Apprenticeship achievements (Wales),2021-08-01/P1Y,390,"Rate per 100,000 population","Rate per 100,000 population",,,,,
W06000006,Wrexham,Local Authority District,Apprenticeship achievements (Wales),2022-08-01/P1Y,392,"Rate per 100,000 population","Rate per 100,000 population",,,,,
W06000006,Wrexham,Local Authority District,Apprenticeship achievements (Wales),2023-08-01/P1Y,437,"Rate per 100,000 population","Rate per 100,000 population",,,,,
W06000006,Wrexham,Local Authority District,Apprenticeship achievements (Wales),2024-08-01/P1Y,449,"Rate per 100,000 population","Rate per 100,000 population",,,,,
W06000023,Powys,Local Authority District,Apprenticeship achievements (Wales),2024-08-01/P1Y,389,"Rate per 100,000 population","Rate per 100,000 population",,,,,
W06000023,Powys,Local Authority District,Apprenticeship achievements (Wales),2023-08-01/P1Y,368,"Rate per 100,000 population","Rate per 100,000 population",,,,,
W06000023,Powys,Local Authority District,Apprenticeship achievements (Wales),2022-08-01/P1Y,442,"Rate per 100,000 population","Rate per 100,000 population",,,,,
W06000023,Powys,Local Authority District,Apprenticeship achievements (Wales),2016-08-01/P1Y,399,"Rate per 100,000 population","Rate per 100,000 population",,,,,
W06000023,Powys,Local Authority District,Apprenticeship achievements (Wales),2018-08-01/P1Y,630,"Rate per 100,000 population","Rate per 100,000 population",,,,,
W06000023,Powys,Local Authority District,Apprenticeship achievements (Wales),2017-08-01/P1Y,570,"Rate per 100,000 population","Rate per 100,000 population",,,,,
W06000023,Powys,Local Authority District,Apprenticeship achievements (Wales),2021-08-01/P1Y,390,"Rate per 100,000 population","Rate per 100,000 population",,,,,
W06000008,Ceredigion,Local Authority District,Apprenticeship achievements (Wales),2022-08-01/P1Y,331,"Rate per 100,000 population","Rate per 100,000 population",,,,,
W06000008,Ceredigion,Local Authority District,Apprenticeship achievements (Wales),2024-08-01/P1Y,327,"Rate per 100,000 population","Rate per 100,000 population",,,,,
W06000008,Ceredigion,Local Authority District,Apprenticeship achievements (Wales),2023-08-01/P1Y,422,"Rate per 100,000 population","Rate per 100,000 population",,,,,
W06000008,Ceredigion,Local Authority District,Apprenticeship achievements (Wales),2021-08-01/P1Y,421,"Rate per 100,000 population","Rate per 100,000 population",,,,,
W06000008,Ceredigion,Local Authority District,Apprenticeship achievements (Wales),2017-08-01/P1Y,487,"Rate per 100,000 population","Rate per 100,000 population",,,,,
W06000008,Ceredigion,Local Authority District,Apprenticeship achievements (Wales),2016-08-01/P1Y,418,"Rate per 100,000 population","Rate per 100,000 population",,,,,
W06000008,Ceredigion,Local Authority District,Apprenticeship achievements (Wales),2018-08-01/P1Y,633,"Rate per 100,000 population","Rate per 100,000 population",,,,,
W06000009,Pembrokeshire,Local Authority District,Apprenticeship achievements (Wales),2016-08-01/P1Y,717,"Rate per 100,000 population","Rate per 100,000 population",,,,,
W06000009,Pembrokeshire,Local Authority District,Apprenticeship achievements (Wales),2017-08-01/P1Y,786,"Rate per 100,000 population","Rate per 100,000 population",,,,,
W06000009,Pembrokeshire,Local Authority District,Apprenticeship achievements (Wales),2018-08-01/P1Y,893,"Rate per 100,000 population","Rate per 100,000 population",,,,,
W06000009,Pembrokeshire,Local Authority District,Apprenticeship achievements (Wales),2021-08-01/P1Y,569,"Rate per 100,000 population","Rate per 100,000 population",,,,,
W06000009,Pembrokeshire,Local Authority District,Apprenticeship achievements (Wales),2022-08-01/P1Y,502,"Rate per 100,000 population","Rate per 100,000 population",,,,,
W06000009,Pembrokeshire,Local Authority District,Apprenticeship achievements (Wales),2023-08-01/P1Y,546,"Rate per 100,000 population","Rate per 100,000 population",,,,,
W06000009,Pembrokeshire,Local Authority District,Apprenticeship achievements (Wales),2024-08-01/P1Y,618,"Rate per 100,000 population","Rate per 100,000 population",,,,,
W06000010,Carmarthenshire,Local Authority District,Apprenticeship achievements (Wales),2023-08-01/P1Y,516,"Rate per 100,000 population","Rate per 100,000 population",,,,,
W06000010,Carmarthenshire,Local Authority District,Apprenticeship achievements (Wales),2016-08-01/P1Y,591,"Rate per 100,000 population","Rate per 100,000 population",,,,,
W06000010,Carmarthenshire,Local Authority District,Apprenticeship achievements (Wales),2017-08-01/P1Y,719,"Rate per 100,000 population","Rate per 100,000 population",,,,,
W06000010,Carmarthenshire,Local Authority District,Apprenticeship achievements (Wales),2018-08-01/P1Y,858,"Rate per 100,000 population","Rate per 100,000 population",,,,,
W06000010,Carmarthenshire,Local Authority District,Apprenticeship achievements (Wales),2021-08-01/P1Y,494,"Rate per 100,000 population","Rate per 100,000 population",,,,,
W06000010,Carmarthenshire,Local Authority District,Apprenticeship achievements (Wales),2022-08-01/P1Y,459,"Rate per 100,000 population","Rate per 100,000 population",,,,,
W06000010,Carmarthenshire,Local Authority District,Apprenticeship achievements (Wales),2024-08-01/P1Y,549,"Rate per 100,000 population","Rate per 100,000 population",,,,,
W06000011,Swansea,Local Authority District,Apprenticeship achievements (Wales),2023-08-01/P1Y,495,"Rate per 100,000 population","Rate per 100,000 population",,,,,
W06000011,Swansea,Local Authority District,Apprenticeship achievements (Wales),2024-08-01/P1Y,559,"Rate per 100,000 population","Rate per 100,000 population",,,,,
W06000011,Swansea,Local Authority District,Apprenticeship achievements (Wales),2022-08-01/P1Y,491,"Rate per 100,000 population","Rate per 100,000 population",,,,,
W06000011,Swansea,Local Authority District,Apprenticeship achievements (Wales),2021-08-01/P1Y,403,"Rate per 100,000 population","Rate per 100,000 population",,,,,
W06000011,Swansea,Local Authority District,Apprenticeship achievements (Wales),2018-08-01/P1Y,761,"Rate per 100,000 population","Rate per 100,000 population",,,,,
W06000011,Swansea,Local Authority District,Apprenticeship achievements (Wales),2017-08-01/P1Y,653,"Rate per 100,000 population","Rate per 100,000 population",,,,,
W06000011,Swansea,Local Authority District,Apprenticeship achievements (Wales),2016-08-01/P1Y,466,"Rate per 100,000 population","Rate per 100,000 population",,,,,
W06000012,Neath Port Talbot,Local Authority District,Apprenticeship achievements (Wales),2023-08-01/P1Y,696,"Rate per 100,000 population","Rate per 100,000 population",,,,,
W06000012,Neath Port Talbot,Local Authority District,Apprenticeship achievements (Wales),2022-08-01/P1Y,630,"Rate per 100,000 population","Rate per 100,000 population",,,,,
W06000012,Neath Port Talbot,Local Authority District,Apprenticeship achievements (Wales),2021-08-01/P1Y,479,"Rate per 100,000 population","Rate per 100,000 population",,,,,
W06000012,Neath Port Talbot,Local Authority District,Apprenticeship achievements (Wales),2024-08-01/P1Y,655,"Rate per 100,000 population","Rate per 100,000 population",,,,,
W06000012,Neath Port Talbot,Local Authority District,Apprenticeship achievements (Wales),2017-08-01/P1Y,805,"Rate per 100,000 population","Rate per 100,000 population",,,,,
W06000012,Neath Port Talbot,Local Authority District,Apprenticeship achievements (Wales),2016-08-01/P1Y,603,"Rate per 100,000 population","Rate per 100,000 population",,,,,
W06000012,Neath Port Talbot,Local Authority District,Apprenticeship achievements (Wales),2018-08-01/P1Y,1054,"Rate per 100,000 population","Rate per 100,000 population",,,,,
W06000013,Bridgend,Local Authority District,Apprenticeship achievements (Wales),2016-08-01/P1Y,573,"Rate per 100,000 population","Rate per 100,000 population",,,,,
W06000013,Bridgend,Local Authority District,Apprenticeship achievements (Wales),2017-08-01/P1Y,699,"Rate per 100,000 population","Rate per 100,000 population",,,,,
W06000013,Bridgend,Local Authority District,Apprenticeship achievements (Wales),2018-08-01/P1Y,877,"Rate per 100,000 population","Rate per 100,000 population",,,,,
W06000013,Bridgend,Local Authority District,Apprenticeship achievements (Wales),2021-08-01/P1Y,451,"Rate per 100,000 population","Rate per 100,000 population",,,,,
W06000013,Bridgend,Local Authority District,Apprenticeship achievements (Wales),2022-08-01/P1Y,549,"Rate per 100,000 population","Rate per 100,000 population",,,,,
W06000013,Bridgend,Local Authority District,Apprenticeship achievements (Wales),2023-08-01/P1Y,545,"Rate per 100,000 population","Rate per 100,000 population",,,,,
W06000013,Bridgend,Local Authority District,Apprenticeship achievements (Wales),2024-08-01/P1Y,591,"Rate per 100,000 population","Rate per 100,000 population",,,,,
W06000014,Vale of Glamorgan,Local Authority District,Apprenticeship achievements (Wales),2023-08-01/P1Y,469,"Rate per 100,000 population","Rate per 100,000 population",,,,,
W06000014,Vale of Glamorgan,Local Authority District,Apprenticeship achievements (Wales),2024-08-01/P1Y,474,"Rate per 100,000 population","Rate per 100,000 population",,,,,
W06000014,Vale of Glamorgan,Local Authority District,Apprenticeship achievements (Wales),2022-08-01/P1Y,405,"Rate per 100,000 population","Rate per 100,000 population",,,,,
W06000014,Vale of Glamorgan,Local Authority District,Apprenticeship achievements (Wales),2021-08-01/P1Y,393,"Rate per 100,000 population","Rate per 100,000 population",,,,,
W06000014,Vale of Glamorgan,Local Authority District,Apprenticeship achievements (Wales),2018-08-01/P1Y,767,"Rate per 100,000 population","Rate per 100,000 population",,,,,
W06000014,Vale of Glamorgan,Local Authority District,Apprenticeship achievements (Wales),2017-08-01/P1Y,637,"Rate per 100,000 population","Rate per 100,000 population",,,,,
W06000014,Vale of Glamorgan,Local Authority District,Apprenticeship achievements (Wales),2016-08-01/P1Y,464,"Rate per 100,000 population","Rate per 100,000 population",,,,,
W06000015,Cardiff,Local Authority District,Apprenticeship achievements (Wales),2023-08-01/P1Y,434,"Rate per 100,000 population","Rate per 100,000 population",,,,,
W06000015,Cardiff,Local Authority District,Apprenticeship achievements (Wales),2022-08-01/P1Y,374,"Rate per 100,000 population","Rate per 100,000 population",,,,,
W06000015,Cardiff,Local Authority District,Apprenticeship achievements (Wales),2021-08-01/P1Y,357,"Rate per 100,000 population","Rate per 100,000 population",,,,,
W06000015,Cardiff,Local Authority District,Apprenticeship achievements (Wales),2024-08-01/P1Y,500,"Rate per 100,000 population","Rate per 100,000 population",,,,,
W06000015,Cardiff,Local Authority District,Apprenticeship achievements (Wales),2017-08-01/P1Y,582,"Rate per 100,000 population","Rate per 100,000 population",,,,,
W06000015,Cardiff,Local Authority District,Apprenticeship achievements (Wales),2016-08-01/P1Y,432,"Rate per 100,000 population","Rate per 100,000 population",,,,,
W06000015,Cardiff,Local Authority District,Apprenticeship achievements (Wales),2018-08-01/P1Y,657,"Rate per 100,000 population","Rate per 100,000 population",,,,,
W06000016,Rhondda Cynon Taf,Local Authority District,Apprenticeship achievements (Wales),2016-08-01/P1Y,588,"Rate per 100,000 population","Rate per 100,000 population",,,,,
W06000016,Rhondda Cynon Taf,Local Authority District,Apprenticeship achievements (Wales),2017-08-01/P1Y,808,"Rate per 100,000 population","Rate per 100,000 population",,,,,
W06000016,Rhondda Cynon Taf,Local Authority District,Apprenticeship achievements (Wales),2018-08-01/P1Y,838,"Rate per 100,000 population","Rate per 100,000 population",,,,,
W06000016,Rhondda Cynon Taf,Local Authority District,Apprenticeship achievements (Wales),2021-08-01/P1Y,536,"Rate per 100,000 population","Rate per 100,000 population",,,,,
W06000016,Rhondda Cynon Taf,Local Authority District,Apprenticeship achievements (Wales),2022-08-01/P1Y,575,"Rate per 100,000 population","Rate per 100,000 population",,,,,
W06000016,Rhondda Cynon Taf,Local Authority District,Apprenticeship achievements (Wales),2023-08-01/P1Y,593,"Rate per 100,000 population","Rate per 100,000 population",,,,,
W06000016,Rhondda Cynon Taf,Local Authority District,Apprenticeship achievements (Wales),2024-08-01/P1Y,600,"Rate per 100,000 population","Rate per 100,000 population",,,,,
W06000024,Merthyr Tydfil,Local Authority District,Apprenticeship achievements (Wales),2023-08-01/P1Y,556,"Rate per 100,000 population","Rate per 100,000 population",,,,,
W06000024,Merthyr Tydfil,Local Authority District,Apprenticeship achievements (Wales),2024-08-01/P1Y,608,"Rate per 100,000 population","Rate per 100,000 population",,,,,
W06000024,Merthyr Tydfil,Local Authority District,Apprenticeship achievements (Wales),2022-08-01/P1Y,576,"Rate per 100,000 population","Rate per 100,000 population",,,,,
W06000024,Merthyr Tydfil,Local Authority District,Apprenticeship achievements (Wales),2017-08-01/P1Y,706,"Rate per 100,000 population","Rate per 100,000 population",,,,,
W06000024,Merthyr Tydfil,Local Authority District,Apprenticeship achievements (Wales),2018-08-01/P1Y,760,"Rate per 100,000 population","Rate per 100,000 population",,,,,
W06000024,Merthyr Tydfil,Local Authority District,Apprenticeship achievements (Wales),2021-08-01/P1Y,534,"Rate per 100,000 population","Rate per 100,000 population",,,,,
W06000024,Merthyr Tydfil,Local Authority District,Apprenticeship achievements (Wales),2016-08-01/P1Y,664,"Rate per 100,000 population","Rate per 100,000 population",,,,,
W06000018,Caerphilly,Local Authority District,Apprenticeship achievements (Wales),2023-08-01/P1Y,530,"Rate per 100,000 population","Rate per 100,000 population",,,,,
W06000018,Caerphilly,Local Authority District,Apprenticeship achievements (Wales),2022-08-01/P1Y,577,"Rate per 100,000 population","Rate per 100,000 population",,,,,
W06000018,Caerphilly,Local Authority District,Apprenticeship achievements (Wales),2021-08-01/P1Y,494,"Rate per 100,000 population","Rate per 100,000 population",,,,,
W06000018,Caerphilly,Local Authority District,Apprenticeship achievements (Wales),2024-08-01/P1Y,611,"Rate per 100,000 population","Rate per 100,000 population",,,,,
W06000018,Caerphilly,Local Authority District,Apprenticeship achievements (Wales),2017-08-01/P1Y,864,"Rate per 100,000 population","Rate per 100,000 population",,,,,
W06000018,Caerphilly,Local Authority District,Apprenticeship achievements (Wales),2016-08-01/P1Y,662,"Rate per 100,000 population","Rate per 100,000 population",,,,,
W06000018,Caerphilly,Local Authority District,Apprenticeship achievements (Wales),2018-08-01/P1Y,900,"Rate per 100,000 population","Rate per 100,000 population",,,,,
W06000019,Blaenau Gwent,Local Authority District,Apprenticeship achievements (Wales),2016-08-01/P1Y,710,"Rate per 100,000 population","Rate per 100,000 population",,,,,
W06000019,Blaenau Gwent,Local Authority District,Apprenticeship achievements (Wales),2017-08-01/P1Y,775,"Rate per 100,000 population","Rate per 100,000 population",,,,,
W06000019,Blaenau Gwent,Local Authority District,Apprenticeship achievements (Wales),2018-08-01/P1Y,1022,"Rate per 100,000 population","Rate per 100,000 population",,,,,
W06000019,Blaenau Gwent,Local Authority District,Apprenticeship achievements (Wales),2021-08-01/P1Y,507,"Rate per 100,000 population","Rate per 100,000 population",,,,,
W06000019,Blaenau Gwent,Local Authority District,Apprenticeship achievements (Wales),2022-08-01/P1Y,561,"Rate per 100,000 population","Rate per 100,000 population",,,,,
W06000019,Blaenau Gwent,Local Authority District,Apprenticeship achievements (Wales),2023-08-01/P1Y,620,"Rate per 100,000 population","Rate per 100,000 population",,,,,
W06000019,Blaenau Gwent,Local Authority District,Apprenticeship achievements (Wales),2024-08-01/P1Y,654,"Rate per 100,000 population","Rate per 100,000 population",,,,,
W06000020,Torfaen,Local Authority District,Apprenticeship achievements (Wales),2024-08-01/P1Y,592,"Rate per 100,000 population","Rate per 100,000 population",,,,,
W06000020,Torfaen,Local Authority District,Apprenticeship achievements (Wales),2023-08-01/P1Y,596,"Rate per 100,000 population","Rate per 100,000 population",,,,,
W06000020,Torfaen,Local Authority District,Apprenticeship achievements (Wales),2022-08-01/P1Y,561,"Rate per 100,000 population","Rate per 100,000 population",,,,,
W06000020,Torfaen,Local Authority District,Apprenticeship achievements (Wales),2017-08-01/P1Y,968,"Rate per 100,000 population","Rate per 100,000 population",,,,,
W06000020,Torfaen,Local Authority District,Apprenticeship achievements (Wales),2018-08-01/P1Y,1025,"Rate per 100,000 population","Rate per 100,000 population",,,,,
W06000020,Torfaen,Local Authority District,Apprenticeship achievements (Wales),2016-08-01/P1Y,763,"Rate per 100,000 population","Rate per 100,000 population",,,,,
W06000020,Torfaen,Local Authority District,Apprenticeship achievements (Wales),2021-08-01/P1Y,524,"Rate per 100,000 population","Rate per 100,000 population",,,,,
W06000021,Monmouthshire,Local Authority District,Apprenticeship achievements (Wales),2024-08-01/P1Y,293,"Rate per 100,000 population","Rate per 100,000 population",,,,,
W06000021,Monmouthshire,Local Authority District,Apprenticeship achievements (Wales),2022-08-01/P1Y,297,"Rate per 100,000 population","Rate per 100,000 population",,,,,
W06000021,Monmouthshire,Local Authority District,Apprenticeship achievements (Wales),2021-08-01/P1Y,274,"Rate per 100,000 population","Rate per 100,000 population",,,,,
W06000021,Monmouthshire,Local Authority District,Apprenticeship achievements (Wales),2023-08-01/P1Y,319,"Rate per 100,000 population","Rate per 100,000 population",,,,,
W06000021,Monmouthshire,Local Authority District,Apprenticeship achievements (Wales),2017-08-01/P1Y,554,"Rate per 100,000 population","Rate per 100,000 population",,,,,
W06000021,Monmouthshire,Local Authority District,Apprenticeship achievements (Wales),2016-08-01/P1Y,384,"Rate per 100,000 population","Rate per 100,000 population",,,,,
W06000021,Monmouthshire,Local Authority District,Apprenticeship achievements (Wales),2018-08-01/P1Y,547,"Rate per 100,000 population","Rate per 100,000 population",,,,,
W06000022,Newport,Local Authority District,Apprenticeship achievements (Wales),2023-08-01/P1Y,464,"Rate per 100,000 population","Rate per 100,000 population",,,,,
W06000022,Newport,Local Authority District,Apprenticeship achievements (Wales),2016-08-01/P1Y,551,"Rate per 100,000 population","Rate per 100,000 population",,,,,
W06000022,Newport,Local Authority District,Apprenticeship achievements (Wales),2017-08-01/P1Y,659,"Rate per 100,000 population","Rate per 100,000 population",,,,,
W06000022,Newport,Local Authority District,Apprenticeship achievements (Wales),2018-08-01/P1Y,740,"Rate per 100,000 population","Rate per 100,000 population",,,,,
W06000022,Newport,Local Authority District,Apprenticeship achievements (Wales),2021-08-01/P1Y,404,"Rate per 100,000 population","Rate per 100,000 population",,,,,
W06000022,Newport,Local Authority District,Apprenticeship achievements (Wales),2022-08-01/P1Y,445,"Rate per 100,000 population","Rate per 100,000 population",,,,,
W06000022,Newport,Local Authority District,Apprenticeship achievements (Wales),2024-08-01/P1Y,545,"Rate per 100,000 population","Rate per 100,000 population",,,,,
